CREATE DATABASE  IF NOT EXISTS `assessment_test_db` /*!40100 DEFAULT CHARACTER SET utf8mb4 COLLATE utf8mb4_0900_ai_ci */ /*!80016 DEFAULT ENCRYPTION='N' */;
USE `assessment_test_db`;
-- MySQL dump 10.13  Distrib 8.0.22, for osx10.16 (x86_64)
--
-- Host: localhost    Database: assessment_test_db
-- ------------------------------------------------------
-- Server version	8.0.22

/*!40101 SET @OLD_CHARACTER_SET_CLIENT=@@CHARACTER_SET_CLIENT */;
/*!40101 SET @OLD_CHARACTER_SET_RESULTS=@@CHARACTER_SET_RESULTS */;
/*!40101 SET @OLD_COLLATION_CONNECTION=@@COLLATION_CONNECTION */;
/*!50503 SET NAMES utf8 */;
/*!40103 SET @OLD_TIME_ZONE=@@TIME_ZONE */;
/*!40103 SET TIME_ZONE='+00:00' */;
/*!40014 SET @OLD_UNIQUE_CHECKS=@@UNIQUE_CHECKS, UNIQUE_CHECKS=0 */;
/*!40014 SET @OLD_FOREIGN_KEY_CHECKS=@@FOREIGN_KEY_CHECKS, FOREIGN_KEY_CHECKS=0 */;
/*!40101 SET @OLD_SQL_MODE=@@SQL_MODE, SQL_MODE='NO_AUTO_VALUE_ON_ZERO' */;
/*!40111 SET @OLD_SQL_NOTES=@@SQL_NOTES, SQL_NOTES=0 */;

--
-- Table structure for table `api_logs`
--

DROP TABLE IF EXISTS `api_logs`;
/*!40101 SET @saved_cs_client     = @@character_set_client */;
/*!50503 SET character_set_client = utf8mb4 */;
CREATE TABLE `api_logs` (
  `id` bigint unsigned NOT NULL AUTO_INCREMENT,
  `url` longtext COLLATE utf8mb4_unicode_ci NOT NULL,
  `method` varchar(255) COLLATE utf8mb4_unicode_ci NOT NULL,
  `status_code` varchar(45) COLLATE utf8mb4_unicode_ci DEFAULT NULL,
  `request` json DEFAULT NULL,
  `response` json DEFAULT NULL,
  `created_at` timestamp NULL DEFAULT NULL,
  `updated_at` timestamp NULL DEFAULT NULL,
  `deleted_at` timestamp NULL DEFAULT NULL,
  PRIMARY KEY (`id`)
) ENGINE=InnoDB AUTO_INCREMENT=83 DEFAULT CHARSET=utf8mb4 COLLATE=utf8mb4_unicode_ci;
/*!40101 SET character_set_client = @saved_cs_client */;

--
-- Dumping data for table `api_logs`
--

LOCK TABLES `api_logs` WRITE;
/*!40000 ALTER TABLE `api_logs` DISABLE KEYS */;
INSERT INTO `api_logs` VALUES (66,'http://assessment-test.local/subscribe/eyJ0eXAiOiJKV1QiLCJhbGciOiJSUzI1NiJ9.eyJpc3MiOiJodHRwOlwvXC9hc3Nlc3NtZW50LXRlc3QubG9jYWwiLCJhdWQiOiJodHRwOlwvXC9hc3Nlc3NtZW50LXRlc3QubG9jYWxcL2FwaVwvc2VydmVyXC8iLCJzdWIiOiJhc3Nlc3NtZW50LXRlc3QiLCJpYXQiOjE2MDc4OTIyNTYsImV4cCI6MTYwNzk3ODY1NiwibmJmIjoxNjA3ODkyMjU2LCJqdGkiOiI1ZmQ2N2QyMDY2YjYzIiwidXNlcklkIjoyMiwic3Vic2NyaXB0aW9uSWQiOjM4LCJtc2lzZG4iOiIrOTYxMTAxMDEwMSIsIm9wZXJhdG9ySWQiOjJ9.BDD_tBIT7xFSh36Tph5yMfKdOWRZL33zgEr76h68KI4InIhUZD3XO7MIARrojFbPzd9vYIkdfJZJQMGuee-rmP5DmcYLSD873BO5Z4rALGJcb6z5vlNZiOHx8MBejVnbQQENnmRYtMMN5jbbUn3l85AEOwVRYiSe4SyVcYQ-9eU','GET','200','[]',NULL,'2020-12-13 18:44:16','2020-12-13 18:44:16',NULL),(67,'http://assessment-test.local/subscribe/eyJ0eXAiOiJKV1QiLCJhbGciOiJSUzI1NiJ9.eyJpc3MiOiJodHRwOlwvXC9hc3Nlc3NtZW50LXRlc3QubG9jYWwiLCJhdWQiOiJodHRwOlwvXC9hc3Nlc3NtZW50LXRlc3QubG9jYWxcL2FwaVwvc2VydmVyXC8iLCJzdWIiOiJhc3Nlc3NtZW50LXRlc3QiLCJpYXQiOjE2MDc4OTIyODYsImV4cCI6MTYwNzk3ODY4NiwibmJmIjoxNjA3ODkyMjg2LCJqdGkiOiI1ZmQ2N2QzZWViMmNiIiwidXNlcklkIjoyMiwic3Vic2NyaXB0aW9uSWQiOjM5LCJtc2lzZG4iOiIrOTYxMTAxMDEwMSIsIm9wZXJhdG9ySWQiOjJ9.WmaUdu7B_ykfD7L7faG5Jg6ZkU08bRSBFo0xFf_NgQW6h8NaGC5n1k24Ysh6sdmyihcu5zAQp3KRCF_ugUTMRbqP42oJwM9ZOwhFNiPGqQ6ALEOGiJ8BXbblQ8iDU3Unjek-G20eMms1gbzDGm8IIyEKasXm4Z9V5-3NrbZvQ-A','GET','200','[]',NULL,'2020-12-13 18:44:46','2020-12-13 18:44:47',NULL),(68,'http://assessment-test.local/subscribe/eyJ0eXAiOiJKV1QiLCJhbGciOiJSUzI1NiJ9.eyJpc3MiOiJodHRwOlwvXC9hc3Nlc3NtZW50LXRlc3QubG9jYWwiLCJhdWQiOiJodHRwOlwvXC9hc3Nlc3NtZW50LXRlc3QubG9jYWxcL2FwaVwvc2VydmVyXC8iLCJzdWIiOiJhc3Nlc3NtZW50LXRlc3QiLCJpYXQiOjE2MDc4OTIzNTMsImV4cCI6MTYwNzk3ODc1MywibmJmIjoxNjA3ODkyMzUzLCJqdGkiOiI1ZmQ2N2Q4MTI0OGY2IiwidXNlcklkIjoyMiwic3Vic2NyaXB0aW9uSWQiOjQwLCJtc2lzZG4iOiIrOTYxMTAxMDEwMSIsIm9wZXJhdG9ySWQiOjJ9.e8UT5yAos6UN5Dc1uioCLGNRQIboYRl-oBRmeywWy7Ps_XC1-rNLAao9WS1koXK6Ndvi6bmwHro_kXCsvQcepSX5fKH546xC8NLO7qazXRGSg317OMiIwr-TctpGb1W2jhEYTVXzDjCKsL3dH0HbGj5nJP_sxdd3oBlLBOhWoW4','GET','404','[]','{\"data\": [], \"status\": \"error\", \"message\": \"\", \"status_code\": 404}','2020-12-13 18:45:53','2020-12-13 18:45:53',NULL),(69,'http://assessment-test.local/subscribe/eyJ0eXAiOiJKV1QiLCJhbGciOiJSUzI1NiJ9.eyJpc3MiOiJodHRwOlwvXC9hc3Nlc3NtZW50LXRlc3QubG9jYWwiLCJhdWQiOiJodHRwOlwvXC9hc3Nlc3NtZW50LXRlc3QubG9jYWxcL2FwaVwvc2VydmVyXC8iLCJzdWIiOiJhc3Nlc3NtZW50LXRlc3QiLCJpYXQiOjE2MDc4OTI0NzksImV4cCI6MTYwNzk3ODg3OSwibmJmIjoxNjA3ODkyNDc5LCJqdGkiOiI1ZmQ2N2RmZjljZDhmIiwidXNlcklkIjoyMiwic3Vic2NyaXB0aW9uSWQiOjQxLCJtc2lzZG4iOiIrOTYxMTAxMDEwMSIsIm9wZXJhdG9ySWQiOjJ9.NErD0GkNpQv2yooxW910QC_e2AknMSMadlSvwZbnZu0T6Vl93fICGBDbBWr5ioCFVvkl07--Omnphy3D0ZEh5Qmg1Ivinq-L6oEg1xJaKD8Nz6oJSW_pUftPvzhpJrMyY0NTOVre_CdEdejI7HhYtgJhANXNlCaTmY4vFawnTak','GET','404','[]','{\"data\": [], \"status\": \"error\", \"message\": \"\", \"status_code\": 404}','2020-12-13 18:47:59','2020-12-13 18:47:59',NULL),(70,'http://assessment-test.local/api/server/subscribeCallback/eyJ0eXAiOiJKV1QiLCJhbGciOiJSUzI1NiJ9.eyJpc3MiOiJodHRwOlwvXC9hc3Nlc3NtZW50LXRlc3QubG9jYWwiLCJhdWQiOiJodHRwOlwvXC9hc3Nlc3NtZW50LXRlc3QubG9jYWxcL2FwaVwvc2VydmVyXC8iLCJzdWIiOiJhc3Nlc3NtZW50LXRlc3QiLCJpYXQiOjE2MDc4OTQzMDMsImV4cCI6MTYwNzk4MDcwMywibmJmIjoxNjA3ODk0MzAzLCJqdGkiOiI1ZmQ2ODUxZmQ1ZTMyIiwidXNlcklkIjoyMiwic3Vic2NyaXB0aW9uSWQiOjQyLCJtc2lzZG4iOiIrOTYxMTAxMDEwMSIsIm9wZXJhdG9ySWQiOjF9.u28xy3tG5IJPMAWWfvomZmguDaoa-_e4bIxcDe4HYLUtk7oP-XQkcS5Ihoj5WB1uNtdOa5N-YeONhnPJvC2ZCW6QoOHo1LdhU649xlWapEE-wp-rfOxNzRU2YxqiSK3fhmXvan4FLISJi4nCsDgUYfNJuyD5FogkREr2m-QsOyc','GET','','[]','[]','2020-12-13 19:18:23','2020-12-13 19:18:23',NULL),(71,'http://assessment-test.local/api/server/subscribeCallback/eyJ0eXAiOiJKV1QiLCJhbGciOiJSUzI1NiJ9.eyJpc3MiOiJodHRwOlwvXC9hc3Nlc3NtZW50LXRlc3QubG9jYWwiLCJhdWQiOiJodHRwOlwvXC9hc3Nlc3NtZW50LXRlc3QubG9jYWxcL2FwaVwvc2VydmVyXC8iLCJzdWIiOiJhc3Nlc3NtZW50LXRlc3QiLCJpYXQiOjE2MDc4OTQzMjEsImV4cCI6MTYwNzk4MDcyMSwibmJmIjoxNjA3ODk0MzIxLCJqdGkiOiI1ZmQ2ODUzMTY1ZTMwIiwidXNlcklkIjoyMiwic3Vic2NyaXB0aW9uSWQiOjQzLCJtc2lzZG4iOiIrOTYxMTAxMDEwMSIsIm9wZXJhdG9ySWQiOjF9.PHSNgGvsGlx0Y57qKe7idF0IdJpof2Gib22hpXpjBEWEsCe1rWQvd7sILJuqNl3y_UtWUZi339Ntoty7Sd9bsnKDUlreCh5sgd4aqNEGzqqp7vPYtBc4dFcoKYmK6lhbxcv06zdt1Tm1J_eJ9XGvNKY8narx9RCy7Icxa7S2agw','GET','400','[]','{\"status\": \"error\", \"message\": \"Invalid MSISDN\", \"status_code\": 400}','2020-12-13 19:18:41','2020-12-13 19:18:41',NULL),(72,'http://assessment-test.local/unsubscribe/eyJ0eXAiOiJKV1QiLCJhbGciOiJSUzI1NiJ9.eyJpc3MiOiJodHRwOlwvXC9hc3Nlc3NtZW50LXRlc3QubG9jYWwiLCJhdWQiOiJodHRwOlwvXC9hc3Nlc3NtZW50LXRlc3QubG9jYWxcL2FwaVwvc2VydmVyXC8iLCJzdWIiOiJhc3Nlc3NtZW50LXRlc3QiLCJpYXQiOjE2MDc4OTQ1MDUsImV4cCI6MTYwNzk4MDkwNSwibmJmIjoxNjA3ODk0NTA1LCJqdGkiOiI1ZmQ2ODVlOTk1YWJjIiwidXNlcklkIjoyMiwic3Vic2NyaXB0aW9uSWQiOjM4LCJtc2lzZG4iOiIrOTYxMTAxMDEwMSIsIm9wZXJhdG9ySWQiOjJ9.XJZlliqkTAkUw7SxPJZz0aHkje9fWznDmHAE5NCZBBLKkko6xqoNpQE9dk3UhI9S7Jip8IjmLyjNLD5PQ0WBj-eyM3zzRrPtKCDkP1e5XxpeNr3KRSrFggsZn4_eG6AU1lPM4vPW10xXve5o-VQAXA4vBeSX28EoI2x4P3ilEic','GET','404','[]','{\"data\": [], \"status\": \"error\", \"message\": \"\", \"status_code\": 404}','2020-12-13 19:21:45','2020-12-13 19:21:45',NULL),(73,'http://assessment-test.local/api/server/unsubscribeCallback/eyJ0eXAiOiJKV1QiLCJhbGciOiJSUzI1NiJ9.eyJpc3MiOiJodHRwOlwvXC9hc3Nlc3NtZW50LXRlc3QubG9jYWwiLCJhdWQiOiJodHRwOlwvXC9hc3Nlc3NtZW50LXRlc3QubG9jYWxcL2FwaVwvc2VydmVyXC8iLCJzdWIiOiJhc3Nlc3NtZW50LXRlc3QiLCJpYXQiOjE2MDc4OTQ1NzEsImV4cCI6MTYwNzk4MDk3MSwibmJmIjoxNjA3ODk0NTcxLCJqdGkiOiI1ZmQ2ODYyYmI5ODg4IiwidXNlcklkIjoyMiwic3Vic2NyaXB0aW9uSWQiOjM4LCJtc2lzZG4iOiIrOTYxMTAxMDEwMSIsIm9wZXJhdG9ySWQiOjF9.hIIhi4ku0T_4Nj-sYPb0981142dG5ji2G2v9PV4wVx4tAZMhlAv7t9pq4X6s3Ov9cd4IcsWBBy8fCwRSJjJJTasB-PDt0GRsywz1B7MB6cA3pYFhQ8eDy82RQVKcgPWSrexVkLCBD_nmooEL2N6XIJ-XQd96Tj_mHW5HgPLPsGg','GET','200','[]','{\"data\": {\"message\": \"you are unsubscribed now\", \"success\": true}, \"status\": \"success\", \"message\": \"success\", \"status_code\": 200}','2020-12-13 19:22:51','2020-12-13 19:22:51',NULL),(74,'http://assessment-test.local/api/server/subscribeCallback/eyJ0eXAiOiJKV1QiLCJhbGciOiJSUzI1NiJ9.eyJpc3MiOiJodHRwOlwvXC9hc3Nlc3NtZW50LXRlc3QubG9jYWwiLCJhdWQiOiJodHRwOlwvXC9hc3Nlc3NtZW50LXRlc3QubG9jYWxcL2FwaVwvc2VydmVyXC8iLCJzdWIiOiJhc3Nlc3NtZW50LXRlc3QiLCJpYXQiOjE2MDc4OTQ3NzcsImV4cCI6MTYwNzk4MTE3NywibmJmIjoxNjA3ODk0Nzc3LCJqdGkiOiI1ZmQ2ODZmOTkxMDRjIiwidXNlcklkIjoyMiwic3Vic2NyaXB0aW9uSWQiOjQ0LCJtc2lzZG4iOiIrOTcxIiwib3BlcmF0b3JJZCI6MX0.TFnQ74GDl_FAM7ZRGlGqS5rmW2jtX_QucJWV7eGwGCmA3oJSHra7Ngv3kstJc5F-Jfh3ylTmF2on_BQwFZVb6hasqDTMZBCkz0otymka4ifRWhUuj-xzVpaGw54o-A4um_gyZSs89GhlVPZUYgk1Bnk7-3mZ5srkPGhjLIpVGYU','GET','400','[]','{\"status\": \"error\", \"message\": \"The string supplied is too short to be a phone number.\", \"status_code\": 400}','2020-12-13 19:26:17','2020-12-13 19:26:17',NULL),(75,'http://assessment-test.local/api/server/subscribeCallback/eyJ0eXAiOiJKV1QiLCJhbGciOiJSUzI1NiJ9.eyJpc3MiOiJodHRwOlwvXC9hc3Nlc3NtZW50LXRlc3QubG9jYWwiLCJhdWQiOiJodHRwOlwvXC9hc3Nlc3NtZW50LXRlc3QubG9jYWxcL2FwaVwvc2VydmVyXC8iLCJzdWIiOiJhc3Nlc3NtZW50LXRlc3QiLCJpYXQiOjE2MDc4OTQ4MTEsImV4cCI6MTYwNzk4MTIxMSwibmJmIjoxNjA3ODk0ODExLCJqdGkiOiI1ZmQ2ODcxYjQxNWYzIiwidXNlcklkIjoyMiwic3Vic2NyaXB0aW9uSWQiOjQ1LCJtc2lzZG4iOiIrOTcxNTU0MDE1MTAyIiwib3BlcmF0b3JJZCI6MX0.H5F8Y_fU8K4apHzpRt5FudWbMbmaPLhePHkYgeEK9BxeVbCECoTRH8nbHxaOUrRYM1Se_CFL9VH8HufNj6xIOJAF1dGZcTdurPAxrg_5Sh_p_rZw_JVPuthhyy3r3WgH_qstSe04pMySjWkaa1qsMxusc8W2PeE_gOG5eWLCo-o','GET','400','[]','{\"status\": \"error\", \"message\": \"Invalid MSISDN for this operator\", \"status_code\": 400}','2020-12-13 19:26:51','2020-12-13 19:26:51',NULL),(76,'http://assessment-test.local/api/server/subscribeCallback/eyJ0eXAiOiJKV1QiLCJhbGciOiJSUzI1NiJ9.eyJpc3MiOiJodHRwOlwvXC9hc3Nlc3NtZW50LXRlc3QubG9jYWwiLCJhdWQiOiJodHRwOlwvXC9hc3Nlc3NtZW50LXRlc3QubG9jYWxcL2FwaVwvc2VydmVyXC8iLCJzdWIiOiJhc3Nlc3NtZW50LXRlc3QiLCJpYXQiOjE2MDc4OTQ4MjEsImV4cCI6MTYwNzk4MTIyMSwibmJmIjoxNjA3ODk0ODIxLCJqdGkiOiI1ZmQ2ODcyNWIzMGI2IiwidXNlcklkIjoyMiwic3Vic2NyaXB0aW9uSWQiOjQ2LCJtc2lzZG4iOiIrOTcxNTU0MDE1MTAyIiwib3BlcmF0b3JJZCI6M30.Udjnqn7UKdVYDOtBntRUdVDhU6nuLcrRy-PoUxVr-imHI4kn0SeMNUX3Tt_SbPAq-L9QqWdhfa1Xc_2J9kKpN0pJy9NGyd7_POM3_G8Cp65eDsCvvHGYhGsaC0fuVqCUupLQqLeYzFLbNneA1utUlK0Yq-oo7CnN95YzkvJ75fQ','GET','200','[]','{\"data\": {\"message\": \"you are subscribed now\", \"success\": true}, \"status\": \"success\", \"message\": \"success\", \"status_code\": 200}','2020-12-13 19:27:01','2020-12-13 19:27:01',NULL),(77,'http://assessment-test.local/api/server/subscribeCallback/eyJ0eXAiOiJKV1QiLCJhbGciOiJSUzI1NiJ9.eyJpc3MiOiJodHRwOlwvXC9hc3Nlc3NtZW50LXRlc3QubG9jYWwiLCJhdWQiOiJodHRwOlwvXC9hc3Nlc3NtZW50LXRlc3QubG9jYWxcL2FwaVwvc2VydmVyXC8iLCJzdWIiOiJhc3Nlc3NtZW50LXRlc3QiLCJpYXQiOjE2MDc4OTQ5OTIsImV4cCI6MTYwNzk4MTM5MiwibmJmIjoxNjA3ODk0OTkyLCJqdGkiOiI1ZmQ2ODdkMDViNGQ1IiwidXNlcklkIjoyMiwic3Vic2NyaXB0aW9uSWQiOjQ3LCJtc2lzZG4iOiIrOTcxNTU0MDE1MTAyIiwib3BlcmF0b3JJZCI6M30.gFwNfFnReXbRNwsbdp4l0GlXyO4MrcPCzgKePs6wpCqskHtfv4gs85guOD8sdRLNKm7iMEaZAyEWvlRC7oyapHYgmagELSQ5JUofzUcoh6-zVF6vysXV2ktKp425ja5GfBcDeAbjT-dap2PxOPMxLRnQNyGkm7Nbho8bn6zU0v0','GET','200','[]','{\"data\": {\"message\": \"you are subscribed now\", \"success\": true}, \"status\": \"success\", \"message\": \"success\", \"status_code\": 200}','2020-12-13 19:29:52','2020-12-13 19:29:52',NULL),(78,'http://assessment-test.local/api/server/subscribeCallback/eyJ0eXAiOiJKV1QiLCJhbGciOiJSUzI1NiJ9.eyJpc3MiOiJodHRwOlwvXC9hc3Nlc3NtZW50LXRlc3QubG9jYWwiLCJhdWQiOiJodHRwOlwvXC9hc3Nlc3NtZW50LXRlc3QubG9jYWxcL2FwaVwvc2VydmVyXC8iLCJzdWIiOiJhc3Nlc3NtZW50LXRlc3QiLCJpYXQiOjE2MDc4OTQ5OTcsImV4cCI6MTYwNzk4MTM5NywibmJmIjoxNjA3ODk0OTk3LCJqdGkiOiI1ZmQ2ODdkNTc4MDFhIiwidXNlcklkIjoyMiwic3Vic2NyaXB0aW9uSWQiOjQ4LCJtc2lzZG4iOiIrOTcxNTU0MDE1MTAyIiwib3BlcmF0b3JJZCI6MX0.kstsu8b244vtKqcBXUyO_ZNa8Vulougl-pMIt8LgfJBcHZ1qV26NJ4Z4XfV-W1HVo7Uvm9vLeDJpoE0TGC0YA37UPRkhsAZxRcQwYu70nekl_iC93D7-yZHekZ8ONWmZjh5wFBB00SXi5hvO-9Gk4TQhi6SmNunUwY7F37T6wVM','GET','400','[]','{\"status\": \"error\", \"message\": \"Invalid MSISDN for this operator\", \"status_code\": 400}','2020-12-13 19:29:57','2020-12-13 19:29:57',NULL),(82,'http://assessment-test.local/api/server/subscribeCallback/eyJ0eXAiOiJKV1QiLCJhbGciOiJSUzI1NiJ9.eyJpc3MiOiJodHRwOlwvXC9hc3Nlc3NtZW50LXRlc3QubG9jYWwiLCJhdWQiOiJodHRwOlwvXC9hc3Nlc3NtZW50LXRlc3QubG9jYWxcL2FwaVwvc2VydmVyXC8iLCJzdWIiOiJhc3Nlc3NtZW50LXRlc3QiLCJpYXQiOjE2MDc4OTUyNDQsImV4cCI6MTYwNzk4MTY0NCwibmJmIjoxNjA3ODk1MjQ0LCJqdGkiOiI1ZmQ2ODhjYzczYWI5IiwidXNlcklkIjoyMiwic3Vic2NyaXB0aW9uSWQiOjUyLCJtc2lzZG4iOiIrOTcxNTU0MDE1MTAyIiwib3BlcmF0b3JJZCI6MX0.rANMSIbA_dXnPTbME_HY6ZBPEhXrIAZ6A_tYsvgb48TXNoulJmiA_Hkqkn4JKBNpZ2ntu-0eJfW3APPnppRzyI_dG9AR2huYs9PWuRBqppHByEkGzi-DTBy552CB8PB3JFJ7okGN0Dn5GwuJILXHqlY9c3Vrv0MivItwtzEE07k','GET','400','[]','{\"status\": \"error\", \"message\": \"Invalid MSISDN for this operator\", \"status_code\": 400}','2020-12-13 19:34:04','2020-12-13 19:34:04',NULL);
/*!40000 ALTER TABLE `api_logs` ENABLE KEYS */;
UNLOCK TABLES;

--
-- Table structure for table `countries`
--

DROP TABLE IF EXISTS `countries`;
/*!40101 SET @saved_cs_client     = @@character_set_client */;
/*!50503 SET character_set_client = utf8mb4 */;
CREATE TABLE `countries` (
  `id` bigint unsigned NOT NULL AUTO_INCREMENT,
  `iso` char(2) CHARACTER SET utf8mb4 COLLATE utf8mb4_0900_ai_ci NOT NULL,
  `name` varchar(80) CHARACTER SET utf8mb4 COLLATE utf8mb4_0900_ai_ci NOT NULL,
  `title` text CHARACTER SET utf8mb4 COLLATE utf8mb4_0900_ai_ci NOT NULL,
  `iso3` char(3) CHARACTER SET utf8mb4 COLLATE utf8mb4_0900_ai_ci DEFAULT NULL,
  `numcode` smallint DEFAULT NULL,
  `phonecode` int NOT NULL,
  `icon` varchar(30) CHARACTER SET utf8mb4 COLLATE utf8mb4_0900_ai_ci NOT NULL,
  `created_at` timestamp NULL DEFAULT NULL,
  `updated_at` timestamp NULL DEFAULT CURRENT_TIMESTAMP ON UPDATE CURRENT_TIMESTAMP,
  `deleted_at` timestamp NULL DEFAULT NULL,
  `is_active` tinyint DEFAULT '1',
  PRIMARY KEY (`id`)
) ENGINE=InnoDB AUTO_INCREMENT=256 DEFAULT CHARSET=utf8mb4 COLLATE=utf8mb4_0900_ai_ci;
/*!40101 SET character_set_client = @saved_cs_client */;

--
-- Dumping data for table `countries`
--

LOCK TABLES `countries` WRITE;
/*!40000 ALTER TABLE `countries` DISABLE KEYS */;
INSERT INTO `countries` VALUES (1,'AF','AFGHANISTAN','Afghanistan','AFG',4,93,'af','2019-04-03 09:29:36','2019-05-10 07:27:15',NULL,1),(2,'AL','ALBANIA','Albania','ALB',8,355,'al','2019-04-03 09:29:36','2019-05-10 07:27:15',NULL,1),(3,'DZ','ALGERIA','Algeria','DZA',12,213,'dz','2019-04-03 09:29:36','2019-05-10 07:27:15',NULL,1),(4,'AS','AMERICAN SAMOA','American Samoa','ASM',16,1684,'as','2019-04-03 09:29:36','2019-05-10 07:29:10',NULL,1),(5,'AD','ANDORRA','Andorra','AND',20,376,'ad','2019-04-03 09:29:36','2019-05-10 07:27:15',NULL,1),(6,'AO','ANGOLA','Angola','AGO',24,244,'ao','2019-04-03 09:29:36','2019-05-10 07:27:15',NULL,1),(7,'AI','ANGUILLA','Anguilla','AIA',660,1264,'ai','2019-04-03 09:29:36','2019-05-17 12:41:42',NULL,1),(8,'AQ','ANTARCTICA','Antarctica',NULL,NULL,0,'aq','2019-04-03 09:29:36','2019-05-17 12:41:49',NULL,1),(9,'AG','ANTIGUA AND BARBUDA','Antigua and Barbuda','ATG',28,1268,'ag','2019-04-03 09:29:36','2019-05-10 07:27:15',NULL,1),(10,'AR','ARGENTINA','Argentina','ARG',32,54,'ar','2019-04-03 09:29:36','2019-05-10 07:27:15',NULL,1),(11,'AM','ARMENIA','Armenia','ARM',51,374,'am','2019-04-03 09:29:36','2019-05-10 07:27:15',NULL,1),(12,'AW','ARUBA','Aruba','ABW',533,297,'aw','2019-04-03 09:29:36','2019-05-17 12:41:55',NULL,1),(13,'AU','AUSTRALIA','Australia','AUS',36,61,'au','2019-04-03 09:29:36','2019-05-10 07:27:15',NULL,1),(14,'AT','AUSTRIA','Austria','AUT',40,43,'at','2019-04-03 09:29:36','2019-05-10 07:27:15',NULL,1),(15,'AZ','AZERBAIJAN','Azerbaijan','AZE',31,994,'az','2019-04-03 09:29:36','2019-05-10 07:27:15',NULL,1),(16,'BS','BAHAMAS','Bahamas','BHS',44,1242,'bs','2019-04-03 09:29:36','2019-05-10 07:27:15',NULL,1),(17,'BH','BAHRAIN','Bahrain','BHR',48,973,'bh','2019-04-03 09:29:36','2019-05-10 07:27:15',NULL,1),(18,'BD','BANGLADESH','Bangladesh','BGD',50,880,'bd','2019-04-03 09:29:36','2019-05-10 07:27:15',NULL,1),(19,'BB','BARBADOS','Barbados','BRB',52,1246,'bb','2019-04-03 09:29:36','2019-05-10 07:27:15',NULL,1),(20,'BY','BELARUS','Belarus','BLR',112,375,'by','2019-04-03 09:29:36','2019-05-10 07:27:15',NULL,1),(21,'BE','BELGIUM','Belgium','BEL',56,32,'be','2019-04-03 09:29:36','2019-05-10 07:27:15',NULL,1),(22,'BZ','BELIZE','Belize','BLZ',84,501,'bz','2019-04-03 09:29:36','2019-05-10 07:27:15',NULL,1),(23,'BJ','BENIN','Benin','BEN',204,229,'bj','2019-04-03 09:29:36','2019-05-10 07:27:15',NULL,1),(24,'BM','BERMUDA','Bermuda','BMU',60,1441,'bm','2019-04-03 09:29:36','2019-05-17 12:42:03',NULL,1),(25,'BT','BHUTAN','Bhutan','BTN',64,975,'bt','2019-04-03 09:29:36','2019-05-10 07:27:15',NULL,1),(26,'BO','BOLIVIA','Bolivia','BOL',68,591,'bo','2019-04-03 09:29:36','2019-05-10 07:27:15',NULL,1),(27,'BA','BOSNIA AND HERZEGOVINA','Bosnia and Herzegovina','BIH',70,387,'ba','2019-04-03 09:29:36','2019-05-10 07:27:15',NULL,1),(28,'BW','BOTSWANA','Botswana','BWA',72,267,'bw','2019-04-03 09:29:36','2019-05-10 07:27:15',NULL,1),(29,'BV','BOUVET ISLAND','Bouvet Island',NULL,NULL,0,'bv','2019-04-03 09:29:36','2019-05-17 12:42:10',NULL,1),(30,'BR','BRAZIL','Brazil','BRA',76,55,'br','2019-04-03 09:29:36','2019-05-17 12:43:18',NULL,1),(31,'IO','BRITISH INDIAN OCEAN TERRITORY','British Indian Ocean Territory',NULL,NULL,246,'io','2019-04-03 09:29:36','2019-05-17 12:43:29',NULL,1),(32,'BN','BRUNEI DARUSSALAM','Brunei Darussalam','BRN',96,673,'bn','2019-04-03 09:29:36','2019-05-17 12:44:02',NULL,1),(33,'BG','BULGARIA','Bulgaria','BGR',100,359,'bg','2019-04-03 09:29:36','2019-05-17 12:44:11',NULL,1),(34,'BF','BURKINA FASO','Burkina Faso','BFA',854,226,'bf','2019-04-03 09:29:36','2019-05-10 07:27:15',NULL,1),(35,'BI','BURUNDI','Burundi','BDI',108,257,'bi','2019-04-03 09:29:36','2019-05-10 07:27:15',NULL,1),(36,'KH','CAMBODIA','Cambodia','KHM',116,855,'kh','2019-04-03 09:29:36','2019-05-10 07:27:15',NULL,1),(37,'CM','CAMEROON','Cameroon','CMR',120,237,'cm','2019-04-03 09:29:36','2019-05-10 07:27:15',NULL,1),(38,'CA','CANADA','Canada','CAN',124,1,'ca','2019-04-03 09:29:36','2019-05-10 07:27:15',NULL,1),(39,'CV','CAPE VERDE','Cape Verde','CPV',132,238,'cv','2019-04-03 09:29:36','2019-05-10 07:27:15',NULL,1),(40,'KY','CAYMAN ISLANDS','Cayman Islands','CYM',136,1345,'ky','2019-04-03 09:29:36','2019-05-17 12:44:22',NULL,1),(41,'CF','CENTRAL AFRICAN REPUBLIC','Central African Republic','CAF',140,236,'cf','2019-04-03 09:29:36','2019-05-10 07:27:15',NULL,1),(42,'TD','CHAD','Chad','TCD',148,235,'td','2019-04-03 09:29:36','2019-05-10 07:27:15',NULL,1),(43,'CL','CHILE','Chile','CHL',152,56,'cl','2019-04-03 09:29:36','2019-05-10 07:27:15',NULL,1),(44,'CN','CHINA','China','CHN',156,86,'cn','2019-04-03 09:29:36','2019-05-10 07:27:15',NULL,1),(45,'CX','CHRISTMAS ISLAND','Christmas Island',NULL,NULL,61,'cx','2019-04-03 09:29:36','2019-05-17 12:44:30',NULL,1),(46,'CC','COCOS (KEELING) ISLANDS','Cocos (Keeling) Islands',NULL,NULL,672,'cc','2019-04-03 09:29:36','2019-05-17 13:02:41',NULL,1),(47,'CO','COLOMBIA','Colombia','COL',170,57,'co','2019-04-03 09:29:36','2019-05-10 07:27:15',NULL,1),(48,'KM','COMOROS','Comoros','COM',174,269,'km','2019-04-03 09:29:36','2019-05-10 07:27:15',NULL,1),(49,'CG','CONGO','Congo','COG',178,242,'cg','2019-04-03 09:29:36','2019-05-10 07:27:15',NULL,1),(50,'CD','CONGO, THE DEMOCRATIC REPUBLIC OF THE','Congo, the Democratic Republic of the','COD',180,242,'cd','2019-04-03 09:29:36','2019-05-17 13:02:52',NULL,1),(51,'CK','COOK ISLANDS','Cook Islands','COK',184,682,'ck','2019-04-03 09:29:36','2019-05-17 12:45:18',NULL,1),(52,'CR','COSTA RICA','Costa Rica','CRI',188,506,'cr','2019-04-03 09:29:36','2019-05-10 07:27:15',NULL,1),(53,'CI','COTE D\'IVOIRE','Cote D\'Ivoire','CIV',384,225,'ci','2019-04-03 09:29:36','2019-05-17 12:45:29',NULL,1),(54,'HR','CROATIA','Croatia','HRV',191,385,'hr','2019-04-03 09:29:36','2019-05-10 07:27:15',NULL,1),(55,'CU','CUBA','Cuba','CUB',192,53,'cu','2019-04-03 09:29:36','2019-05-10 07:27:15',NULL,1),(56,'CY','CYPRUS','Cyprus','CYP',196,357,'cy','2019-04-03 09:29:36','2019-05-10 07:27:15',NULL,1),(57,'CZ','CZECH REPUBLIC','Czech Republic','CZE',203,420,'cz','2019-04-03 09:29:36','2019-05-10 07:27:15',NULL,1),(58,'DK','DENMARK','Denmark','DNK',208,45,'dk','2019-04-03 09:29:36','2019-05-10 07:27:15',NULL,1),(59,'DJ','DJIBOUTI','Djibouti','DJI',262,253,'dj','2019-04-03 09:29:36','2019-05-10 07:27:15',NULL,1),(60,'DM','DOMINICA','Dominica','DMA',212,1767,'dm','2019-04-03 09:29:36','2019-05-10 07:27:15',NULL,1),(61,'DO','DOMINICAN REPUBLIC','Dominican Republic','DOM',214,1809,'do','2019-04-03 09:29:36','2019-05-10 07:27:15',NULL,1),(62,'EC','ECUADOR','Ecuador','ECU',218,593,'ec','2019-04-03 09:29:36','2019-05-10 07:27:15',NULL,1),(63,'EG','EGYPT','Egypt','EGY',818,20,'eg','2019-04-03 09:29:36','2019-05-17 12:46:03',NULL,1),(64,'SV','EL SALVADOR','El Salvador','SLV',222,503,'sv','2019-04-03 09:29:36','2019-05-10 07:27:15',NULL,1),(65,'GQ','EQUATORIAL GUINEA','Equatorial Guinea','GNQ',226,240,'gq','2019-04-03 09:29:36','2019-05-10 07:27:15',NULL,1),(66,'ER','ERITREA','Eritrea','ERI',232,291,'er','2019-04-03 09:29:36','2019-05-10 07:27:15',NULL,1),(67,'EE','ESTONIA','Estonia','EST',233,372,'ee','2019-04-03 09:29:36','2019-05-10 07:27:15',NULL,1),(68,'ET','ETHIOPIA','Ethiopia','ETH',231,251,'et','2019-04-03 09:29:36','2019-05-28 13:08:22',NULL,1),(69,'FK','FALKLAND ISLANDS (MALVINAS)','Falkland Islands (Malvinas)','FLK',238,500,'fk','2019-04-03 09:29:36','2019-05-17 12:46:12',NULL,1),(70,'FO','FAROE ISLANDS','Faroe Islands','FRO',234,298,'fo','2019-04-03 09:29:36','2019-05-17 12:46:24',NULL,1),(71,'FJ','FIJI','Fiji','FJI',242,679,'fj','2019-04-03 09:29:36','2019-05-10 07:27:15',NULL,1),(72,'FI','FINLAND','Finland','FIN',246,358,'fi','2019-04-03 09:29:36','2019-05-10 07:27:15',NULL,1),(73,'FR','FRANCE','France','FRA',250,33,'fr','2019-04-03 09:29:36','2019-05-10 07:27:15',NULL,1),(74,'GF','FRENCH GUIANA','French Guiana','GUF',254,594,'gf','2019-04-03 09:29:36','2019-05-17 12:46:37',NULL,1),(75,'PF','FRENCH POLYNESIA','French Polynesia','PYF',258,689,'pf','2019-04-03 09:29:36','2019-05-17 12:46:46',NULL,1),(76,'TF','FRENCH SOUTHERN TERRITORIES','French Southern Territories',NULL,NULL,0,'tf','2019-04-03 09:29:36','2019-05-17 12:46:57',NULL,1),(77,'GA','GABON','Gabon','GAB',266,241,'ga','2019-04-03 09:29:36','2019-05-10 07:27:15',NULL,1),(78,'GM','GAMBIA','Gambia','GMB',270,220,'gm','2019-04-03 09:29:36','2019-05-10 07:27:15',NULL,1),(79,'GE','GEORGIA','Georgia','GEO',268,995,'ge','2019-04-03 09:29:36','2019-05-10 07:27:15',NULL,1),(80,'DE','GERMANY','Germany','DEU',276,49,'de','2019-04-03 09:29:36','2019-05-10 07:27:15',NULL,1),(81,'GH','GHANA','Ghana','GHA',288,233,'gh','2019-04-03 09:29:36','2019-05-10 07:27:15',NULL,1),(82,'GI','GIBRALTAR','Gibraltar','GIB',292,350,'gi','2019-04-03 09:29:36','2019-05-17 12:47:11',NULL,1),(83,'GR','GREECE','Greece','GRC',300,30,'gr','2019-04-03 09:29:36','2019-05-10 07:27:15',NULL,1),(84,'GL','GREENLAND','Greenland','GRL',304,299,'gl','2019-04-03 09:29:36','2019-05-17 12:47:18',NULL,1),(85,'GD','GRENADA','Grenada','GRD',308,1473,'gd','2019-04-03 09:29:36','2019-05-10 07:27:15',NULL,1),(86,'GP','GUADELOUPE','Guadeloupe','GLP',312,590,'gp','2019-04-03 09:29:36','2019-05-17 12:47:26',NULL,1),(87,'GU','GUAM','Guam','GUM',316,1671,'gu','2019-04-03 09:29:36','2019-05-17 12:47:32',NULL,1),(88,'GT','GUATEMALA','Guatemala','GTM',320,502,'gt','2019-04-03 09:29:36','2019-05-10 07:27:15',NULL,1),(89,'GN','GUINEA','Guinea','GIN',324,224,'gn','2019-04-03 09:29:36','2019-05-10 07:27:15',NULL,1),(90,'GW','GUINEA-BISSAU','Guinea-Bissau','GNB',624,245,'gw','2019-04-03 09:29:36','2019-05-10 07:27:15',NULL,1),(91,'GY','GUYANA','Guyana','GUY',328,592,'gy','2019-04-03 09:29:36','2019-05-10 07:27:15',NULL,1),(92,'HT','HAITI','Haiti','HTI',332,509,'ht','2019-04-03 09:29:36','2019-05-10 07:27:15',NULL,1),(93,'HM','HEARD ISLAND AND MCDONALD ISLANDS','Heard Island and Mcdonald Islands',NULL,NULL,0,'hm','2019-04-03 09:29:36','2019-05-17 12:47:43',NULL,1),(94,'VA','HOLY SEE (VATICAN CITY STATE)','Holy See (Vatican City State)','VAT',336,39,'va','2019-04-03 09:29:36','2019-05-17 12:47:53',NULL,1),(95,'HN','HONDURAS','Honduras','HND',340,504,'hn','2019-04-03 09:29:36','2019-05-10 07:27:15',NULL,1),(96,'HK','HONG KONG','Hong Kong','HKG',344,852,'hk','2019-04-03 09:29:36','2019-05-17 12:48:01',NULL,1),(97,'HU','HUNGARY','Hungary','HUN',348,36,'hu','2019-04-03 09:29:36','2019-05-10 07:27:15',NULL,1),(98,'IS','ICELAND','Iceland','ISL',352,354,'is','2019-04-03 09:29:36','2019-05-10 07:27:15',NULL,1),(99,'IN','INDIA','India','IND',356,91,'in','2019-04-03 09:29:36','2019-05-10 15:20:11',NULL,1),(100,'ID','INDONESIA','Indonesia','IDN',360,62,'id','2019-04-03 09:29:36','2019-05-10 07:27:15',NULL,1),(101,'IR','IRAN, ISLAMIC REPUBLIC OF','Iran, Islamic Republic of','IRN',364,98,'ir','2019-04-03 09:29:36','2019-05-17 12:48:14',NULL,1),(102,'IQ','IRAQ','Iraq','IRQ',368,964,'iq','2019-04-03 09:29:36','2019-05-10 07:27:15',NULL,1),(103,'IE','IRELAND','Ireland','IRL',372,353,'ie','2019-04-03 09:29:36','2019-05-10 07:27:15',NULL,1),(104,'IT','ITALY','Italy','ITA',380,39,'it','2019-04-03 09:29:36','2019-05-10 07:27:15',NULL,1),(105,'JM','JAMAICA','Jamaica','JAM',388,1876,'jm','2019-04-03 09:29:36','2019-05-10 07:27:15',NULL,1),(106,'JP','JAPAN','Japan','JPN',392,81,'jp','2019-04-03 09:29:36','2019-05-10 07:27:15',NULL,1),(107,'JO','JORDAN','Jordan','JOR',400,962,'jo','2019-04-03 09:29:36','2019-05-10 07:27:15',NULL,1),(108,'KZ','KAZAKHSTAN','Kazakhstan','KAZ',398,7,'kz','2019-04-03 09:29:36','2019-05-10 07:27:15',NULL,1),(109,'KE','KENYA','Kenya','KEN',404,254,'ke','2019-04-03 09:29:36','2019-05-10 07:27:15',NULL,1),(110,'KI','KIRIBATI','Kiribati','KIR',296,686,'ki','2019-04-03 09:29:36','2019-05-10 07:27:15',NULL,1),(111,'KP','KOREA, DEMOCRATIC PEOPLE\'S REPUBLIC OF','Korea, Democratic People\'s Republic of','PRK',408,850,'kp','2019-04-03 09:29:36','2019-05-17 12:48:23',NULL,1),(112,'KR','KOREA, REPUBLIC OF','Korea, Republic of','KOR',410,82,'kr','2019-04-03 09:29:36','2019-05-17 12:48:30',NULL,1),(113,'KW','KUWAIT','Kuwait','KWT',414,965,'kw','2019-04-03 09:29:36','2019-05-10 07:27:15',NULL,1),(114,'KG','KYRGYZSTAN','Kyrgyzstan','KGZ',417,996,'kg','2019-04-03 09:29:36','2019-05-10 07:27:15',NULL,1),(115,'LA','LAO PEOPLE\'S DEMOCRATIC REPUBLIC','Lao People\'s Democratic Republic','LAO',418,856,'la','2019-04-03 09:29:36','2019-05-17 12:48:53',NULL,1),(116,'LV','LATVIA','Latvia','LVA',428,371,'lv','2019-04-03 09:29:36','2019-05-10 07:27:15',NULL,1),(117,'LB','LEBANON','Lebanon','LBN',422,961,'lb','2019-04-03 09:29:36','2019-05-10 07:27:15',NULL,1),(118,'LS','LESOTHO','Lesotho','LSO',426,266,'ls','2019-04-03 09:29:36','2019-05-10 07:27:15',NULL,1),(119,'LR','LIBERIA','Liberia','LBR',430,231,'lr','2019-04-03 09:29:36','2019-05-10 07:27:15',NULL,1),(120,'LY','LIBYAN ARAB JAMAHIRIYA','Libyan Arab Jamahiriya','LBY',434,218,'ly','2019-04-03 09:29:36','2019-05-17 12:49:02',NULL,1),(121,'LI','LIECHTENSTEIN','Liechtenstein','LIE',438,423,'li','2019-04-03 09:29:36','2019-05-10 07:27:15',NULL,1),(122,'LT','LITHUANIA','Lithuania','LTU',440,370,'lt','2019-04-03 09:29:36','2019-05-10 07:27:15',NULL,1),(123,'LU','LUXEMBOURG','Luxembourg','LUX',442,352,'lu','2019-04-03 09:29:36','2019-05-10 07:27:15',NULL,1),(124,'MO','MACAO','Macao','MAC',446,853,'mo','2019-04-03 09:29:36','2019-05-17 12:49:09',NULL,1),(125,'MK','MACEDONIA, THE FORMER YUGOSLAV REPUBLIC OF','Macedonia, the Former Yugoslav Republic of','MKD',807,389,'mk','2019-04-03 09:29:36','2019-05-17 12:49:16',NULL,1),(126,'MG','MADAGASCAR','Madagascar','MDG',450,261,'mg','2019-04-03 09:29:36','2019-05-10 07:27:15',NULL,1),(127,'MW','MALAWI','Malawi','MWI',454,265,'mw','2019-04-03 09:29:36','2019-05-10 07:27:15',NULL,1),(128,'MY','MALAYSIA','Malaysia','MYS',458,60,'my','2019-04-03 09:29:36','2019-05-10 07:27:15',NULL,1),(129,'MV','MALDIVES','Maldives','MDV',462,960,'mv','2019-04-03 09:29:36','2019-05-10 07:27:15',NULL,1),(130,'ML','MALI','Mali','MLI',466,223,'ml','2019-04-03 09:29:36','2019-05-10 07:27:15',NULL,1),(131,'MT','MALTA','Malta','MLT',470,356,'mt','2019-04-03 09:29:36','2019-05-10 07:27:15',NULL,1),(132,'MH','MARSHALL ISLANDS','Marshall Islands','MHL',584,692,'mh','2019-04-03 09:29:36','2019-05-10 07:27:15',NULL,1),(133,'MQ','MARTINIQUE','Martinique','MTQ',474,596,'mq','2019-04-03 09:29:36','2019-05-17 12:49:48',NULL,1),(134,'MR','MAURITANIA','Mauritania','MRT',478,222,'mr','2019-04-03 09:29:36','2019-05-10 07:27:15',NULL,1),(135,'MU','MAURITIUS','Mauritius','MUS',480,230,'mu','2019-04-03 09:29:36','2019-05-10 07:27:15',NULL,1),(136,'YT','MAYOTTE','Mayotte',NULL,NULL,269,'yt','2019-04-03 09:29:36','2019-05-17 13:02:22',NULL,1),(137,'MX','MEXICO','Mexico','MEX',484,52,'mx','2019-04-03 09:29:36','2019-05-10 07:27:15',NULL,1),(138,'FM','MICRONESIA, FEDERATED STATES OF','Micronesia, Federated States of','FSM',583,691,'fm','2019-04-03 09:29:36','2019-05-10 07:27:15',NULL,1),(139,'MD','MOLDOVA, REPUBLIC OF','Moldova, Republic of','MDA',498,373,'md','2019-04-03 09:29:36','2019-05-17 12:50:03',NULL,1),(140,'MC','MONACO','Monaco','MCO',492,377,'mc','2019-04-03 09:29:36','2019-05-10 07:27:15',NULL,1),(141,'MN','MONGOLIA','Mongolia','MNG',496,976,'mn','2019-04-03 09:29:36','2019-05-10 07:27:15',NULL,1),(142,'MS','MONTSERRAT','Montserrat','MSR',500,1664,'ms','2019-04-03 09:29:36','2019-05-17 12:50:13',NULL,1),(143,'MA','MOROCCO','Morocco','MAR',504,212,'ma','2019-04-03 09:29:36','2019-05-10 07:27:15',NULL,1),(144,'MZ','MOZAMBIQUE','Mozambique','MOZ',508,258,'mz','2019-04-03 09:29:36','2019-05-10 07:27:15',NULL,1),(145,'MM','MYANMAR','Myanmar','MMR',104,95,'mm','2019-04-03 09:29:36','2019-05-10 07:27:15',NULL,1),(146,'NA','NAMIBIA','Namibia','NAM',516,264,'na','2019-04-03 09:29:36','2019-05-10 07:27:15',NULL,1),(147,'NR','NAURU','Nauru','NRU',520,674,'nr','2019-04-03 09:29:36','2019-05-10 07:27:15',NULL,1),(148,'NP','NEPAL','Nepal','NPL',524,977,'np','2019-04-03 09:29:36','2019-05-10 07:27:15',NULL,1),(149,'NL','NETHERLANDS','Netherlands','NLD',528,31,'nl','2019-04-03 09:29:36','2019-05-10 07:27:15',NULL,1),(150,'AN','NETHERLANDS ANTILLES','Netherlands Antilles','ANT',530,599,'','2019-04-03 09:29:36','2019-05-17 12:50:23',NULL,1),(151,'NC','NEW CALEDONIA','New Caledonia','NCL',540,687,'nc','2019-04-03 09:29:36','2019-05-17 12:50:31',NULL,1),(152,'NZ','NEW ZEALAND','New Zealand','NZL',554,64,'nz','2019-04-03 09:29:36','2019-05-10 07:27:15',NULL,1),(153,'NI','NICARAGUA','Nicaragua','NIC',558,505,'ni','2019-04-03 09:29:36','2019-05-10 07:27:15',NULL,1),(154,'NE','NIGER','Niger','NER',562,227,'ne','2019-04-03 09:29:36','2019-05-10 07:27:15',NULL,1),(155,'NG','NIGERIA','Nigeria','NGA',566,234,'ng','2019-04-03 09:29:36','2019-05-10 07:27:15',NULL,1),(156,'NU','NIUE','Niue','NIU',570,683,'nu','2019-04-03 09:29:36','2019-05-17 12:51:14',NULL,1),(157,'NF','NORFOLK ISLAND','Norfolk Island','NFK',574,672,'nf','2019-04-03 09:29:36','2019-05-17 12:51:23',NULL,1),(158,'MP','NORTHERN MARIANA ISLANDS','Northern Mariana Islands','MNP',580,1670,'mp','2019-04-03 09:29:36','2019-05-17 12:51:33',NULL,1),(159,'NO','NORWAY','Norway','NOR',578,47,'no','2019-04-03 09:29:36','2019-05-10 07:27:15',NULL,1),(160,'OM','OMAN','Oman','OMN',512,968,'om','2019-04-03 09:29:36','2019-05-10 07:27:15',NULL,1),(161,'PK','PAKISTAN','Pakistan','PAK',586,92,'pk','2019-04-03 09:29:36','2019-05-10 07:27:15',NULL,1),(162,'PW','PALAU','Palau','PLW',585,680,'pw','2019-04-03 09:29:36','2019-05-10 07:27:15',NULL,1),(163,'PS','PALESTINIAN TERRITORY, OCCUPIED','Palestinian Territory, Occupied',NULL,NULL,970,'ps','2019-04-03 09:29:36','2019-05-17 12:51:44',NULL,1),(164,'PA','PANAMA','Panama','PAN',591,507,'pa','2019-04-03 09:29:36','2019-05-10 07:27:15',NULL,1),(165,'PG','PAPUA NEW GUINEA','Papua New Guinea','PNG',598,675,'pg','2019-04-03 09:29:36','2019-05-10 07:27:15',NULL,1),(166,'PY','PARAGUAY','Paraguay','PRY',600,595,'py','2019-04-03 09:29:36','2019-05-10 07:27:15',NULL,1),(167,'PE','PERU','Peru','PER',604,51,'pe','2019-04-03 09:29:36','2019-05-10 07:27:15',NULL,1),(168,'PH','PHILIPPINES','Philippines','PHL',608,63,'ph','2019-04-03 09:29:36','2019-05-10 07:27:15',NULL,1),(169,'PN','PITCAIRN','Pitcairn','PCN',612,0,'pn','2019-04-03 09:29:36','2019-05-17 12:51:55',NULL,1),(170,'PL','POLAND','Poland','POL',616,48,'pl','2019-04-03 09:29:36','2019-05-10 07:27:15',NULL,1),(171,'PT','PORTUGAL','Portugal','PRT',620,351,'pt','2019-04-03 09:29:36','2019-05-10 07:27:15',NULL,1),(172,'PR','PUERTO RICO','Puerto Rico','PRI',630,1787,'pr','2019-04-03 09:29:36','2019-05-10 07:27:15',NULL,1),(173,'QA','QATAR','Qatar','QAT',634,974,'qa','2019-04-03 09:29:36','2019-05-10 07:27:15',NULL,1),(174,'RE','REUNION','Reunion','REU',638,262,'re','2019-04-03 09:29:36','2019-05-17 12:52:08',NULL,1),(175,'RO','ROMANIA','Romania','ROM',642,40,'ro','2019-04-03 09:29:36','2019-05-10 07:27:15',NULL,1),(176,'RU','RUSSIAN FEDERATION','Russian Federation','RUS',643,70,'ru','2019-04-03 09:29:36','2019-05-17 12:52:24',NULL,1),(177,'RW','RWANDA','Rwanda','RWA',646,250,'rw','2019-04-03 09:29:36','2019-05-10 07:27:15',NULL,1),(178,'SH','SAINT HELENA','Saint Helena','SHN',654,290,'sh','2019-04-03 09:29:36','2019-05-17 12:52:34',NULL,1),(179,'KN','SAINT KITTS AND NEVIS','Saint Kitts and Nevis','KNA',659,1869,'kn','2019-04-03 09:29:36','2019-05-10 07:27:15',NULL,1),(180,'LC','SAINT LUCIA','Saint Lucia','LCA',662,1758,'lc','2019-04-03 09:29:36','2019-05-10 07:27:15',NULL,1),(181,'PM','SAINT PIERRE AND MIQUELON','Saint Pierre and Miquelon','SPM',666,508,'pm','2019-04-03 09:29:36','2019-05-17 12:52:41',NULL,1),(182,'VC','SAINT VINCENT AND THE GRENADINES','Saint Vincent and the Grenadines','VCT',670,1784,'vc','2019-04-03 09:29:36','2019-05-10 07:27:15',NULL,1),(183,'WS','SAMOA','Samoa','WSM',882,684,'ws','2019-04-03 09:29:36','2019-05-10 07:27:15',NULL,1),(184,'SM','SAN MARINO','San Marino','SMR',674,378,'sm','2019-04-03 09:29:36','2019-05-10 07:27:15',NULL,1),(185,'ST','SAO TOME AND PRINCIPE','Sao Tome and Principe','STP',678,239,'st','2019-04-03 09:29:36','2019-05-10 07:27:15',NULL,1),(186,'SA','SAUDI ARABIA','Saudi Arabia','SAU',682,966,'sa','2019-04-03 09:29:36','2019-05-10 07:27:15',NULL,1),(187,'SN','SENEGAL','Senegal','SEN',686,221,'sn','2019-04-03 09:29:36','2019-05-10 07:27:15',NULL,1),(188,'CS','SERBIA AND MONTENEGRO','Serbia and Montenegro',NULL,NULL,381,'','2019-04-03 09:29:36','2019-05-17 12:52:51',NULL,1),(189,'SC','SEYCHELLES','Seychelles','SYC',690,248,'sc','2019-04-03 09:29:36','2019-05-10 07:27:15',NULL,1),(190,'SL','SIERRA LEONE','Sierra Leone','SLE',694,232,'sl','2019-04-03 09:29:36','2019-05-10 07:27:15',NULL,1),(191,'SG','SINGAPORE','Singapore','SGP',702,65,'sg','2019-04-03 09:29:36','2019-05-10 07:27:15',NULL,1),(192,'SK','SLOVAKIA','Slovakia','SVK',703,421,'sk','2019-04-03 09:29:36','2019-05-10 07:27:15',NULL,1),(193,'SI','SLOVENIA','Slovenia','SVN',705,386,'si','2019-04-03 09:29:36','2019-05-10 07:27:15',NULL,1),(194,'SB','SOLOMON ISLANDS','Solomon Islands','SLB',90,677,'sb','2019-04-03 09:29:36','2019-05-10 07:27:15',NULL,1),(195,'SO','SOMALIA','Somalia','SOM',706,252,'so','2019-04-03 09:29:36','2019-05-10 07:27:15',NULL,1),(196,'ZA','SOUTH AFRICA','South Africa','ZAF',710,27,'za','2019-04-03 09:29:36','2019-05-10 07:27:15',NULL,1),(197,'GS','SOUTH GEORGIA AND THE SOUTH SANDWICH ISLANDS','South Georgia and the South Sandwich Islands',NULL,NULL,0,'gs','2019-04-03 09:29:36','2019-05-17 12:53:00',NULL,1),(198,'ES','SPAIN','Spain','ESP',724,34,'es','2019-04-03 09:29:36','2019-05-10 07:27:15',NULL,1),(199,'LK','SRI LANKA','Sri Lanka','LKA',144,94,'lk','2019-04-03 09:29:36','2019-05-10 07:27:15',NULL,1),(200,'SD','SUDAN','Sudan','SDN',736,249,'sd','2019-04-03 09:29:36','2019-05-10 07:27:15',NULL,1),(201,'SR','SURINAME','Suriname','SUR',740,597,'sr','2019-04-03 09:29:36','2019-05-10 07:27:15',NULL,1),(202,'SJ','SVALBARD AND JAN MAYEN','Svalbard and Jan Mayen','SJM',744,47,'sj','2019-04-03 09:29:36','2019-05-17 12:53:25',NULL,1),(203,'SZ','SWAZILAND','Swaziland','SWZ',748,268,'sz','2019-04-03 09:29:36','2019-05-10 07:27:15',NULL,1),(204,'SE','SWEDEN','Sweden','SWE',752,46,'se','2019-04-03 09:29:36','2019-05-10 07:27:15',NULL,1),(205,'CH','SWITZERLAND','Switzerland','CHE',756,41,'ch','2019-04-03 09:29:36','2019-05-10 07:27:15',NULL,1),(206,'SY','SYRIAN ARAB REPUBLIC','Syrian Arab Republic','SYR',760,963,'sy','2019-04-03 09:29:36','2019-10-17 09:55:46',NULL,1),(207,'TW','TAIWAN, PROVINCE OF CHINA','Taiwan, Province of China','TWN',158,886,'tw','2019-04-03 09:29:36','2019-05-17 12:53:42',NULL,1),(208,'TJ','TAJIKISTAN','Tajikistan','TJK',762,992,'tj','2019-04-03 09:29:36','2019-05-10 07:27:15',NULL,1),(209,'TZ','TANZANIA, UNITED REPUBLIC OF','Tanzania, United Republic of','TZA',834,255,'tz','2019-04-03 09:29:36','2019-05-17 12:53:51',NULL,1),(210,'TH','THAILAND','Thailand','THA',764,66,'th','2019-04-03 09:29:36','2019-05-10 07:27:15',NULL,1),(211,'TL','TIMOR-LESTE','Timor-Leste',NULL,NULL,670,'tl','2019-04-03 09:29:36','2019-05-17 12:54:01',NULL,1),(212,'TG','TOGO','Togo','TGO',768,228,'tg','2019-04-03 09:29:36','2019-05-10 07:27:15',NULL,1),(213,'TK','TOKELAU','Tokelau','TKL',772,690,'tk','2019-04-03 09:29:36','2019-05-17 12:54:18',NULL,1),(214,'TO','TONGA','Tonga','TON',776,676,'to','2019-04-03 09:29:36','2019-05-10 07:27:15',NULL,1),(215,'TT','TRINIDAD AND TOBAGO','Trinidad and Tobago','TTO',780,1868,'tt','2019-04-03 09:29:36','2019-05-10 07:27:15',NULL,1),(216,'TN','TUNISIA','Tunisia','TUN',788,216,'tn','2019-04-03 09:29:36','2019-05-10 07:27:15',NULL,1),(217,'TR','TURKEY','Turkey','TUR',792,90,'tr','2019-04-03 09:29:36','2019-05-10 07:27:15',NULL,1),(218,'TM','TURKMENISTAN','Turkmenistan','TKM',795,7370,'tm','2019-04-03 09:29:36','2019-05-10 07:27:15',NULL,1),(219,'TC','TURKS AND CAICOS ISLANDS','Turks and Caicos Islands','TCA',796,1649,'tc','2019-04-03 09:29:36','2019-05-17 12:54:26',NULL,1),(220,'TV','TUVALU','Tuvalu','TUV',798,688,'tv','2019-04-03 09:29:36','2019-05-10 07:27:15',NULL,1),(221,'UG','UGANDA','Uganda','UGA',800,256,'ug','2019-04-03 09:29:36','2019-05-10 07:27:15',NULL,1),(222,'UA','UKRAINE','Ukraine','UKR',804,380,'ua','2019-04-03 09:29:36','2019-05-10 07:27:15',NULL,1),(223,'AE','UNITED ARAB EMIRATES','United Arab Emirates','ARE',784,971,'ae','2019-04-03 09:29:36','2019-05-10 07:27:15',NULL,1),(224,'GB','UNITED KINGDOM','United Kingdom','GBR',826,44,'gb','2019-04-03 09:29:36','2019-05-17 12:54:34',NULL,1),(225,'US','UNITED STATES','United States','USA',840,1,'us','2019-04-03 09:29:36','2019-05-10 07:27:15',NULL,1),(226,'UM','UNITED STATES MINOR OUTLYING ISLANDS','United States Minor Outlying Islands',NULL,NULL,1,'um','2019-04-03 09:29:36','2019-05-17 12:54:44',NULL,1),(227,'UY','URUGUAY','Uruguay','URY',858,598,'uy','2019-04-03 09:29:36','2019-05-10 07:27:15',NULL,1),(228,'UZ','UZBEKISTAN','Uzbekistan','UZB',860,998,'uz','2019-04-03 09:29:36','2019-05-10 07:27:15',NULL,1),(229,'VU','VANUATU','Vanuatu','VUT',548,678,'vu','2019-04-03 09:29:36','2019-05-10 07:27:15',NULL,1),(230,'VE','VENEZUELA','Venezuela','VEN',862,58,'ve','2019-04-03 09:29:36','2019-05-10 07:27:15',NULL,1),(231,'VN','VIET NAM','Viet Nam','VNM',704,84,'vn','2019-04-03 09:29:36','2019-05-10 07:41:33',NULL,1),(232,'VG','VIRGIN ISLANDS, BRITISH','Virgin Islands, British','VGB',92,1284,'vg','2019-04-03 09:29:36','2019-05-17 12:55:00',NULL,1),(233,'VI','VIRGIN ISLANDS, U.S.','Virgin Islands, U.s.','VIR',850,1340,'vi','2019-04-03 09:29:36','2019-05-17 12:55:11',NULL,1),(234,'WF','WALLIS AND FUTUNA','Wallis and Futuna','WLF',876,681,'wf','2019-04-03 09:29:36','2019-05-17 12:55:17',NULL,1),(235,'EH','WESTERN SAHARA','Western Sahara','ESH',732,212,'eh','2019-04-03 09:29:36','2019-05-10 07:27:15',NULL,1),(236,'YE','YEMEN','Yemen','YEM',887,967,'ye','2019-04-03 09:29:36','2019-05-10 07:27:15',NULL,1),(237,'ZM','ZAMBIA','Zambia','ZMB',894,260,'zm','2019-04-03 09:29:36','2019-05-10 07:27:15',NULL,1),(238,'ZW','ZIMBABWE','Zimbabwe','ZWE',716,263,'zw','2019-04-03 09:29:36','2019-05-10 07:27:15',NULL,1),(239,'0','CARRIBEANS','CARRIBEANS','0',NULL,0,'0','2020-09-02 01:10:49','2020-09-02 01:10:49',NULL,1),(240,'0','TAIWAN','TAIWAN','0',NULL,0,'0','2020-09-02 01:10:50','2020-09-02 01:10:50',NULL,1),(241,'0','SCOTLAND','SCOTLAND','0',NULL,0,'0','2020-09-02 01:10:54','2020-09-02 01:10:54',NULL,1),(242,'0','RUSSIA','RUSSIA','0',NULL,0,'0','2020-09-02 01:11:10','2020-09-02 01:11:10',NULL,1),(243,'0','ENGLAND','ENGLAND','0',NULL,0,'0','2020-09-02 01:11:48','2020-09-02 01:11:48',NULL,1),(244,'0','AMAZON','AMAZON','0',NULL,0,'0','2020-09-02 01:11:49','2020-09-02 01:11:49',NULL,1),(245,'0','N/A','N/A','0',NULL,0,'0','2020-09-02 01:11:55','2020-09-02 01:11:55',NULL,1),(246,'0','UK','UK','0',NULL,0,'0','2020-09-02 01:12:09','2020-09-02 01:12:09',NULL,1),(247,'0','OUTLAND','OUTLAND','0',NULL,0,'0','2020-09-02 01:13:04','2020-09-02 01:13:04',NULL,1),(248,'0','ITALT','ITALT','0',NULL,0,'0','2020-09-02 01:15:04','2020-09-02 01:15:04',NULL,1),(249,'0','TASMANIA','TASMANIA','0',NULL,0,'0','2020-09-02 01:18:19','2020-09-02 01:18:19',NULL,1),(250,'0','CALVADOS','CALVADOS','0',NULL,0,'0','2020-09-02 01:18:24','2020-09-02 01:18:24',NULL,1),(251,'0','LONDON','LONDON','0',NULL,0,'0','2020-09-02 01:18:33','2020-09-02 01:18:33',NULL,1),(252,'0','BRECON','BRECON','0',NULL,0,'0','2020-09-02 01:18:33','2020-09-02 01:18:33',NULL,1),(253,'0','CZECH','CZECH','0',NULL,0,'0','2020-09-02 01:19:07','2020-09-02 01:19:07',NULL,1),(254,'0','PORTGUAL','PORTGUAL','0',NULL,0,'0','2020-09-02 01:19:31','2020-09-02 01:19:31',NULL,1),(255,'0','AUSTALIA','AUSTALIA','0',NULL,0,'0','2020-09-02 01:19:36','2020-09-02 01:19:36',NULL,1);
/*!40000 ALTER TABLE `countries` ENABLE KEYS */;
UNLOCK TABLES;

--
-- Table structure for table `failed_jobs`
--

DROP TABLE IF EXISTS `failed_jobs`;
/*!40101 SET @saved_cs_client     = @@character_set_client */;
/*!50503 SET character_set_client = utf8mb4 */;
CREATE TABLE `failed_jobs` (
  `id` bigint unsigned NOT NULL AUTO_INCREMENT,
  `uuid` varchar(255) COLLATE utf8mb4_unicode_ci NOT NULL,
  `connection` text COLLATE utf8mb4_unicode_ci NOT NULL,
  `queue` text COLLATE utf8mb4_unicode_ci NOT NULL,
  `payload` longtext COLLATE utf8mb4_unicode_ci NOT NULL,
  `exception` longtext COLLATE utf8mb4_unicode_ci NOT NULL,
  `failed_at` timestamp NOT NULL DEFAULT CURRENT_TIMESTAMP,
  PRIMARY KEY (`id`),
  UNIQUE KEY `failed_jobs_uuid_unique` (`uuid`)
) ENGINE=InnoDB DEFAULT CHARSET=utf8mb4 COLLATE=utf8mb4_unicode_ci;
/*!40101 SET character_set_client = @saved_cs_client */;

--
-- Dumping data for table `failed_jobs`
--

LOCK TABLES `failed_jobs` WRITE;
/*!40000 ALTER TABLE `failed_jobs` DISABLE KEYS */;
/*!40000 ALTER TABLE `failed_jobs` ENABLE KEYS */;
UNLOCK TABLES;

--
-- Table structure for table `migrations`
--

DROP TABLE IF EXISTS `migrations`;
/*!40101 SET @saved_cs_client     = @@character_set_client */;
/*!50503 SET character_set_client = utf8mb4 */;
CREATE TABLE `migrations` (
  `id` int unsigned NOT NULL AUTO_INCREMENT,
  `migration` varchar(255) COLLATE utf8mb4_unicode_ci NOT NULL,
  `batch` int NOT NULL,
  PRIMARY KEY (`id`)
) ENGINE=InnoDB AUTO_INCREMENT=24 DEFAULT CHARSET=utf8mb4 COLLATE=utf8mb4_unicode_ci;
/*!40101 SET character_set_client = @saved_cs_client */;

--
-- Dumping data for table `migrations`
--

LOCK TABLES `migrations` WRITE;
/*!40000 ALTER TABLE `migrations` DISABLE KEYS */;
INSERT INTO `migrations` VALUES (1,'2014_10_12_000000_create_users_table',1),(2,'2014_10_12_100000_create_password_resets_table',1),(3,'2019_08_19_000000_create_failed_jobs_table',1),(9,'2016_06_01_000001_create_oauth_auth_codes_table',2),(10,'2016_06_01_000002_create_oauth_access_tokens_table',2),(11,'2016_06_01_000003_create_oauth_refresh_tokens_table',2),(12,'2016_06_01_000004_create_oauth_clients_table',2),(13,'2016_06_01_000005_create_oauth_personal_access_clients_table',2),(18,'2020_12_12_230504_create_products_table',3),(19,'2020_12_12_230559_create_operators_table',3),(20,'2020_12_12_230732_create_subscriptions_table',3),(21,'2020_12_12_230956_create_api_logs_table',3),(22,'2020_12_12_231028_create_subscription_logs_table',3),(23,'2020_12_13_110340_create_operator_countries_table',3);
/*!40000 ALTER TABLE `migrations` ENABLE KEYS */;
UNLOCK TABLES;

--
-- Table structure for table `oauth_access_tokens`
--

DROP TABLE IF EXISTS `oauth_access_tokens`;
/*!40101 SET @saved_cs_client     = @@character_set_client */;
/*!50503 SET character_set_client = utf8mb4 */;
CREATE TABLE `oauth_access_tokens` (
  `id` varchar(100) COLLATE utf8mb4_unicode_ci NOT NULL,
  `user_id` bigint unsigned DEFAULT NULL,
  `client_id` char(36) COLLATE utf8mb4_unicode_ci NOT NULL,
  `name` varchar(255) COLLATE utf8mb4_unicode_ci DEFAULT NULL,
  `scopes` text COLLATE utf8mb4_unicode_ci,
  `revoked` tinyint(1) NOT NULL,
  `created_at` timestamp NULL DEFAULT NULL,
  `updated_at` timestamp NULL DEFAULT NULL,
  `expires_at` datetime DEFAULT NULL,
  PRIMARY KEY (`id`),
  KEY `oauth_access_tokens_user_id_index` (`user_id`)
) ENGINE=InnoDB DEFAULT CHARSET=utf8mb4 COLLATE=utf8mb4_unicode_ci;
/*!40101 SET character_set_client = @saved_cs_client */;

--
-- Dumping data for table `oauth_access_tokens`
--

LOCK TABLES `oauth_access_tokens` WRITE;
/*!40000 ALTER TABLE `oauth_access_tokens` DISABLE KEYS */;
INSERT INTO `oauth_access_tokens` VALUES ('03b8e9165689b0a32ef31a831afb410c977c7216e0dbafba40a4856259c6abc4f8cf50d1c74c99e6',21,'923ad69a-58a8-4f97-a947-cf1c46240e61','api_call','[]',0,'2020-12-13 07:36:15','2020-12-13 07:36:15','2021-12-13 09:36:15'),('095adb23ff23916934cd9bb74654fbf8889fc3904815e11cf5648cd807b3785cfd6eb2f465b817c8',1,'923ad69a-58a8-4f97-a947-cf1c46240e61','api_call','[]',1,'2020-12-12 22:26:34','2020-12-12 22:26:34','2021-12-13 00:26:34'),('19de43feb1b979fd896e094ae36a0a131f6f6544bf363961709219f59b67d03ca164116e79795075',1,'923ad69a-58a8-4f97-a947-cf1c46240e61','Token Name','[]',0,'2020-12-12 22:01:31','2020-12-12 22:01:31','2021-12-13 00:01:31'),('1e5a5ccd8f882add341db439a36cc8886b4fdbfcf4f756df5e4f382e6c01accf9980858daeb4feb5',1,'923ad69a-58a8-4f97-a947-cf1c46240e61','Token Name','[]',0,'2020-12-12 21:58:43','2020-12-12 21:58:43','2021-12-12 23:58:43'),('23fa9bea919cc4f5e70df10a094329ffa4aeac24450ef12fd59b29fc41ff236f4dbdf91b2143fd32',1,'923ad69a-58a8-4f97-a947-cf1c46240e61','Token Name','[]',0,'2020-12-12 21:58:13','2020-12-12 21:58:13','2021-12-12 23:58:13'),('614cf9ca4844797d4d6aa4810a2ec616177815a16d956a31c3b25e850a179279b423a65b943e6889',1,'923ad69a-58a8-4f97-a947-cf1c46240e61','Token Name','[]',0,'2020-12-12 21:56:57','2020-12-12 21:56:57','2021-12-12 23:56:57'),('7de8bed74356bf2136615f052c56cde07772d2ef549171080403d6a10211355abd65017b595822f7',1,'923ad69a-58a8-4f97-a947-cf1c46240e61','Token Name','[]',0,'2020-12-12 22:01:11','2020-12-12 22:01:11','2021-12-13 00:01:11'),('8d2e93853e1b747fcc0341faecc941ec79cd962a844160bd3f6648ef8b712f7c83f08ee4443b8fb5',1,'923ad69a-58a8-4f97-a947-cf1c46240e61','api_call','[]',0,'2020-12-13 09:41:00','2020-12-13 09:41:00','2021-12-13 11:41:00'),('8f7fdee90ffb65c986a5ab92353dc066376b0824208113d1326cc8d448b3fc54dbd4795fe74a203c',1,'923ad69a-58a8-4f97-a947-cf1c46240e61','api_call','[]',0,'2020-12-12 22:25:17','2020-12-12 22:25:17','2021-12-13 00:25:17'),('9e1f44e31b6f840a2a6cfdc0835789671a3c470cb0a0823099fe78b5ca61e5d6de27b199b70c9fe6',1,'923ad69a-58a8-4f97-a947-cf1c46240e61','Token Name','[]',0,'2020-12-12 22:00:05','2020-12-12 22:00:05','2021-12-13 00:00:05'),('a25d9dd70123e4223abd8d49be959f85ee16a647d04dbc4b5074f4a4418c53313952bf488e9f4dce',1,'923ad69a-58a8-4f97-a947-cf1c46240e61','Token Name','[]',0,'2020-12-12 21:59:18','2020-12-12 21:59:18','2021-12-12 23:59:18'),('aeadb96cca25486d38cb145bdc53fba655317af29dc26be8f581b34d868931a8e27421ab298b31dd',1,'923ad69a-58a8-4f97-a947-cf1c46240e61','Token Name','[]',0,'2020-12-12 21:59:56','2020-12-12 21:59:56','2021-12-12 23:59:56'),('bce57198d9b6b085d05eba486beb97c758985d73a68188f4d5ce6f1bad06003d50895c9dce5591d4',1,'923ad69a-58a8-4f97-a947-cf1c46240e61','Token Name','[]',0,'2020-12-12 21:59:42','2020-12-12 21:59:42','2021-12-12 23:59:42'),('bf62c24119dec6c045038c605b827580709b555cc66bc70742720c2f54f94473c6800216556ea83c',22,'923ad69a-58a8-4f97-a947-cf1c46240e61','api_call','[]',0,'2020-12-13 18:58:41','2020-12-13 18:58:41','2021-12-13 20:58:41'),('c24288fbcbb93c5efffe8f3147d88d9fba0403285801502ea30498e33453df4844c4d532febf0927',22,'923ad69a-58a8-4f97-a947-cf1c46240e61','api_call','[]',0,'2020-12-13 09:57:45','2020-12-13 09:57:45','2021-12-13 11:57:45'),('d59a2d15a9590358203575325ce53d904d13cf149f63694896d38a0f054625e53fc78b384fc47519',22,'923ad69a-58a8-4f97-a947-cf1c46240e61','api_call','[]',0,'2020-12-13 18:59:09','2020-12-13 18:59:09','2021-12-13 20:59:09'),('deb7a0e8952173029f2038e5190957eac5fe25655b4a619885afa2dd1edce700f8d3d9b8c0589f30',22,'923ad69a-58a8-4f97-a947-cf1c46240e61','api_call','[]',0,'2020-12-13 18:58:48','2020-12-13 18:58:48','2021-12-13 20:58:48');
/*!40000 ALTER TABLE `oauth_access_tokens` ENABLE KEYS */;
UNLOCK TABLES;

--
-- Table structure for table `oauth_auth_codes`
--

DROP TABLE IF EXISTS `oauth_auth_codes`;
/*!40101 SET @saved_cs_client     = @@character_set_client */;
/*!50503 SET character_set_client = utf8mb4 */;
CREATE TABLE `oauth_auth_codes` (
  `id` varchar(100) COLLATE utf8mb4_unicode_ci NOT NULL,
  `user_id` bigint unsigned NOT NULL,
  `client_id` char(36) COLLATE utf8mb4_unicode_ci NOT NULL,
  `scopes` text COLLATE utf8mb4_unicode_ci,
  `revoked` tinyint(1) NOT NULL,
  `expires_at` datetime DEFAULT NULL,
  PRIMARY KEY (`id`),
  KEY `oauth_auth_codes_user_id_index` (`user_id`)
) ENGINE=InnoDB DEFAULT CHARSET=utf8mb4 COLLATE=utf8mb4_unicode_ci;
/*!40101 SET character_set_client = @saved_cs_client */;

--
-- Dumping data for table `oauth_auth_codes`
--

LOCK TABLES `oauth_auth_codes` WRITE;
/*!40000 ALTER TABLE `oauth_auth_codes` DISABLE KEYS */;
/*!40000 ALTER TABLE `oauth_auth_codes` ENABLE KEYS */;
UNLOCK TABLES;

--
-- Table structure for table `oauth_clients`
--

DROP TABLE IF EXISTS `oauth_clients`;
/*!40101 SET @saved_cs_client     = @@character_set_client */;
/*!50503 SET character_set_client = utf8mb4 */;
CREATE TABLE `oauth_clients` (
  `id` char(36) COLLATE utf8mb4_unicode_ci NOT NULL,
  `user_id` bigint unsigned DEFAULT NULL,
  `name` varchar(255) COLLATE utf8mb4_unicode_ci NOT NULL,
  `secret` varchar(100) COLLATE utf8mb4_unicode_ci DEFAULT NULL,
  `provider` varchar(255) COLLATE utf8mb4_unicode_ci DEFAULT NULL,
  `redirect` text COLLATE utf8mb4_unicode_ci NOT NULL,
  `personal_access_client` tinyint(1) NOT NULL,
  `password_client` tinyint(1) NOT NULL,
  `revoked` tinyint(1) NOT NULL,
  `created_at` timestamp NULL DEFAULT NULL,
  `updated_at` timestamp NULL DEFAULT NULL,
  PRIMARY KEY (`id`),
  KEY `oauth_clients_user_id_index` (`user_id`)
) ENGINE=InnoDB DEFAULT CHARSET=utf8mb4 COLLATE=utf8mb4_unicode_ci;
/*!40101 SET character_set_client = @saved_cs_client */;

--
-- Dumping data for table `oauth_clients`
--

LOCK TABLES `oauth_clients` WRITE;
/*!40000 ALTER TABLE `oauth_clients` DISABLE KEYS */;
INSERT INTO `oauth_clients` VALUES ('923ad475-579a-46b7-a773-9f0c25323f7d',NULL,'Laravel Personal Access Client','8EHGlr2Ak2psEerPAfnrdHQlG2URCes2ORPNcWf2',NULL,'http://localhost',1,0,0,'2020-12-12 20:55:02','2020-12-12 20:55:02'),('923ad475-90e5-4a99-8224-ea11f19f1b52',NULL,'Laravel Password Grant Client','iDfSvmtFnlSjSpYog9YfOrmwR5X5EtaSv0qkt9hB','users','http://localhost',0,1,0,'2020-12-12 20:55:02','2020-12-12 20:55:02'),('923ad69a-58a8-4f97-a947-cf1c46240e61',NULL,'Laravel Personal Access Client','WWoQ7HPo6HGDrkUIhinW3gSonmLI5UUJLbZaLpyd',NULL,'http://localhost',1,0,0,'2020-12-12 21:01:01','2020-12-12 21:01:01');
/*!40000 ALTER TABLE `oauth_clients` ENABLE KEYS */;
UNLOCK TABLES;

--
-- Table structure for table `oauth_personal_access_clients`
--

DROP TABLE IF EXISTS `oauth_personal_access_clients`;
/*!40101 SET @saved_cs_client     = @@character_set_client */;
/*!50503 SET character_set_client = utf8mb4 */;
CREATE TABLE `oauth_personal_access_clients` (
  `id` bigint unsigned NOT NULL AUTO_INCREMENT,
  `client_id` char(36) COLLATE utf8mb4_unicode_ci NOT NULL,
  `created_at` timestamp NULL DEFAULT NULL,
  `updated_at` timestamp NULL DEFAULT NULL,
  PRIMARY KEY (`id`)
) ENGINE=InnoDB AUTO_INCREMENT=3 DEFAULT CHARSET=utf8mb4 COLLATE=utf8mb4_unicode_ci;
/*!40101 SET character_set_client = @saved_cs_client */;

--
-- Dumping data for table `oauth_personal_access_clients`
--

LOCK TABLES `oauth_personal_access_clients` WRITE;
/*!40000 ALTER TABLE `oauth_personal_access_clients` DISABLE KEYS */;
INSERT INTO `oauth_personal_access_clients` VALUES (1,'923ad475-579a-46b7-a773-9f0c25323f7d','2020-12-12 20:55:02','2020-12-12 20:55:02'),(2,'923ad69a-58a8-4f97-a947-cf1c46240e61','2020-12-12 21:01:02','2020-12-12 21:01:02');
/*!40000 ALTER TABLE `oauth_personal_access_clients` ENABLE KEYS */;
UNLOCK TABLES;

--
-- Table structure for table `oauth_refresh_tokens`
--

DROP TABLE IF EXISTS `oauth_refresh_tokens`;
/*!40101 SET @saved_cs_client     = @@character_set_client */;
/*!50503 SET character_set_client = utf8mb4 */;
CREATE TABLE `oauth_refresh_tokens` (
  `id` varchar(100) COLLATE utf8mb4_unicode_ci NOT NULL,
  `access_token_id` varchar(100) COLLATE utf8mb4_unicode_ci NOT NULL,
  `revoked` tinyint(1) NOT NULL,
  `expires_at` datetime DEFAULT NULL,
  PRIMARY KEY (`id`),
  KEY `oauth_refresh_tokens_access_token_id_index` (`access_token_id`)
) ENGINE=InnoDB DEFAULT CHARSET=utf8mb4 COLLATE=utf8mb4_unicode_ci;
/*!40101 SET character_set_client = @saved_cs_client */;

--
-- Dumping data for table `oauth_refresh_tokens`
--

LOCK TABLES `oauth_refresh_tokens` WRITE;
/*!40000 ALTER TABLE `oauth_refresh_tokens` DISABLE KEYS */;
/*!40000 ALTER TABLE `oauth_refresh_tokens` ENABLE KEYS */;
UNLOCK TABLES;

--
-- Table structure for table `operator_countries`
--

DROP TABLE IF EXISTS `operator_countries`;
/*!40101 SET @saved_cs_client     = @@character_set_client */;
/*!50503 SET character_set_client = utf8mb4 */;
CREATE TABLE `operator_countries` (
  `id` bigint unsigned NOT NULL AUTO_INCREMENT,
  `operator_id` bigint unsigned NOT NULL,
  `country_id` bigint unsigned NOT NULL,
  `created_at` timestamp NULL DEFAULT NULL,
  `updated_at` timestamp NULL DEFAULT NULL,
  PRIMARY KEY (`id`),
  KEY `fk_operator_countries_operators_operator_id` (`operator_id`),
  KEY `fk_operator_countries_countries_country_id` (`country_id`),
  CONSTRAINT `fk_operator_countries_countries_country_id` FOREIGN KEY (`country_id`) REFERENCES `countries` (`id`),
  CONSTRAINT `fk_operator_countries_operators_operator_id` FOREIGN KEY (`operator_id`) REFERENCES `operators` (`id`)
) ENGINE=InnoDB AUTO_INCREMENT=4 DEFAULT CHARSET=utf8mb4 COLLATE=utf8mb4_unicode_ci;
/*!40101 SET character_set_client = @saved_cs_client */;

--
-- Dumping data for table `operator_countries`
--

LOCK TABLES `operator_countries` WRITE;
/*!40000 ALTER TABLE `operator_countries` DISABLE KEYS */;
INSERT INTO `operator_countries` VALUES (1,1,117,'2020-12-13 11:56:45','2020-12-13 11:56:45'),(2,2,117,'2020-12-13 11:56:45','2020-12-13 11:56:45'),(3,3,223,'2020-12-13 11:56:45','2020-12-13 11:56:45');
/*!40000 ALTER TABLE `operator_countries` ENABLE KEYS */;
UNLOCK TABLES;

--
-- Table structure for table `operators`
--

DROP TABLE IF EXISTS `operators`;
/*!40101 SET @saved_cs_client     = @@character_set_client */;
/*!50503 SET character_set_client = utf8mb4 */;
CREATE TABLE `operators` (
  `id` bigint unsigned NOT NULL AUTO_INCREMENT,
  `title` varchar(255) COLLATE utf8mb4_unicode_ci NOT NULL,
  `subscribe_url` varchar(255) COLLATE utf8mb4_unicode_ci NOT NULL,
  `unsubscribe_url` varchar(255) COLLATE utf8mb4_unicode_ci NOT NULL,
  `created_at` timestamp NULL DEFAULT NULL,
  `updated_at` timestamp NULL DEFAULT NULL,
  `deleted_at` timestamp NULL DEFAULT NULL,
  PRIMARY KEY (`id`)
) ENGINE=InnoDB AUTO_INCREMENT=4 DEFAULT CHARSET=utf8mb4 COLLATE=utf8mb4_unicode_ci;
/*!40101 SET character_set_client = @saved_cs_client */;

--
-- Dumping data for table `operators`
--

LOCK TABLES `operators` WRITE;
/*!40000 ALTER TABLE `operators` DISABLE KEYS */;
INSERT INTO `operators` VALUES (1,'operator title 1 (only Lebanon numbers)','api/server/subscribeCallback/','api/server/unsubscribeCallback/','2020-12-13 11:46:18','2020-12-13 11:46:18',NULL),(2,'operator title 2 (invalid urls)','/subscribe','/unsubscribe','2020-12-13 11:46:18','2020-12-13 11:46:18',NULL),(3,'operator title 3 (only UAE numbers)','api/server/subscribeCallback/','api/server/unsubscribeCallback/','2020-12-13 11:46:18','2020-12-13 11:46:18',NULL);
/*!40000 ALTER TABLE `operators` ENABLE KEYS */;
UNLOCK TABLES;

--
-- Table structure for table `password_resets`
--

DROP TABLE IF EXISTS `password_resets`;
/*!40101 SET @saved_cs_client     = @@character_set_client */;
/*!50503 SET character_set_client = utf8mb4 */;
CREATE TABLE `password_resets` (
  `email` varchar(255) COLLATE utf8mb4_unicode_ci NOT NULL,
  `token` varchar(255) COLLATE utf8mb4_unicode_ci NOT NULL,
  `created_at` timestamp NULL DEFAULT NULL,
  KEY `password_resets_email_index` (`email`)
) ENGINE=InnoDB DEFAULT CHARSET=utf8mb4 COLLATE=utf8mb4_unicode_ci;
/*!40101 SET character_set_client = @saved_cs_client */;

--
-- Dumping data for table `password_resets`
--

LOCK TABLES `password_resets` WRITE;
/*!40000 ALTER TABLE `password_resets` DISABLE KEYS */;
/*!40000 ALTER TABLE `password_resets` ENABLE KEYS */;
UNLOCK TABLES;

--
-- Table structure for table `products`
--

DROP TABLE IF EXISTS `products`;
/*!40101 SET @saved_cs_client     = @@character_set_client */;
/*!50503 SET character_set_client = utf8mb4 */;
CREATE TABLE `products` (
  `id` bigint unsigned NOT NULL AUTO_INCREMENT,
  `title` varchar(255) COLLATE utf8mb4_unicode_ci NOT NULL,
  `price` double DEFAULT NULL,
  `period_in_days` int NOT NULL DEFAULT '1',
  `is_active` tinyint(1) NOT NULL DEFAULT '1',
  `created_at` timestamp NULL DEFAULT NULL,
  `updated_at` timestamp NULL DEFAULT NULL,
  `deleted_at` timestamp NULL DEFAULT NULL,
  PRIMARY KEY (`id`)
) ENGINE=InnoDB AUTO_INCREMENT=4 DEFAULT CHARSET=utf8mb4 COLLATE=utf8mb4_unicode_ci;
/*!40101 SET character_set_client = @saved_cs_client */;

--
-- Dumping data for table `products`
--

LOCK TABLES `products` WRITE;
/*!40000 ALTER TABLE `products` DISABLE KEYS */;
INSERT INTO `products` VALUES (1,'product title 1',50,30,1,'2020-12-13 11:43:26','2020-12-13 11:43:26',NULL),(2,'product title 2',90,60,1,'2020-12-13 11:43:26','2020-12-13 11:43:26',NULL),(3,'product title 3',130,90,1,'2020-12-13 11:43:26','2020-12-13 11:43:26',NULL);
/*!40000 ALTER TABLE `products` ENABLE KEYS */;
UNLOCK TABLES;

--
-- Table structure for table `subscriptions`
--

DROP TABLE IF EXISTS `subscriptions`;
/*!40101 SET @saved_cs_client     = @@character_set_client */;
/*!50503 SET character_set_client = utf8mb4 */;
CREATE TABLE `subscriptions` (
  `id` bigint unsigned NOT NULL AUTO_INCREMENT,
  `user_id` bigint unsigned NOT NULL,
  `product_id` bigint unsigned NOT NULL,
  `operator_id` bigint unsigned NOT NULL,
  `country_id` bigint unsigned DEFAULT NULL,
  `mobile_number` varchar(255) COLLATE utf8mb4_unicode_ci DEFAULT NULL,
  `status` enum('pending','subscribed','cancelled','invalid') COLLATE utf8mb4_unicode_ci DEFAULT NULL,
  `expiry_date` date DEFAULT NULL,
  `created_at` timestamp NULL DEFAULT NULL,
  `updated_at` timestamp NULL DEFAULT NULL,
  `deleted_at` timestamp NULL DEFAULT NULL,
  PRIMARY KEY (`id`),
  KEY `fk_subscriptions_users_user_id` (`user_id`),
  KEY `fk_subscriptions_products_product_id` (`product_id`),
  KEY `fk_subscriptions_operators_operator_id` (`operator_id`),
  KEY `fk_subscriptions_countries_country_id` (`country_id`),
  CONSTRAINT `fk_subscriptions_countries_country_id` FOREIGN KEY (`country_id`) REFERENCES `countries` (`id`),
  CONSTRAINT `fk_subscriptions_operators_operator_id` FOREIGN KEY (`operator_id`) REFERENCES `operators` (`id`),
  CONSTRAINT `fk_subscriptions_products_product_id` FOREIGN KEY (`product_id`) REFERENCES `products` (`id`),
  CONSTRAINT `fk_subscriptions_users_user_id` FOREIGN KEY (`user_id`) REFERENCES `users` (`id`)
) ENGINE=InnoDB AUTO_INCREMENT=53 DEFAULT CHARSET=utf8mb4 COLLATE=utf8mb4_unicode_ci;
/*!40101 SET character_set_client = @saved_cs_client */;

--
-- Dumping data for table `subscriptions`
--

LOCK TABLES `subscriptions` WRITE;
/*!40000 ALTER TABLE `subscriptions` DISABLE KEYS */;
INSERT INTO `subscriptions` VALUES (1,22,1,1,117,'+9613291171','subscribed',NULL,'2020-12-13 17:46:55','2020-12-13 17:46:55',NULL),(35,22,1,2,NULL,'+9611010101','pending',NULL,'2020-12-13 18:43:01','2020-12-13 18:43:01',NULL),(36,22,1,2,NULL,'+9611010101','pending',NULL,'2020-12-13 18:43:21','2020-12-13 18:43:21',NULL),(37,22,1,2,NULL,'+9611010101','pending',NULL,'2020-12-13 18:43:39','2020-12-13 18:43:39',NULL),(38,22,1,1,NULL,'+9611010101','cancelled','2021-01-12','2020-12-13 18:44:16','2020-12-13 19:22:52',NULL),(39,22,1,2,NULL,'+9611010101','invalid',NULL,'2020-12-13 18:44:46','2020-12-13 18:44:47',NULL),(40,22,1,2,NULL,'+9611010101','invalid',NULL,'2020-12-13 18:45:53','2020-12-13 18:45:53',NULL),(41,22,1,2,NULL,'+9611010101','invalid',NULL,'2020-12-13 18:47:59','2020-12-13 18:47:59',NULL),(42,22,1,1,NULL,'+9611010101','pending',NULL,'2020-12-13 19:18:23','2020-12-13 19:18:23',NULL),(43,22,1,1,NULL,'+9611010101','invalid',NULL,'2020-12-13 19:18:41','2020-12-13 19:18:41',NULL),(44,22,1,1,NULL,'+971','invalid',NULL,'2020-12-13 19:26:17','2020-12-13 19:26:17',NULL),(45,22,1,1,NULL,'+971554015102','invalid',NULL,'2020-12-13 19:26:51','2020-12-13 19:26:51',NULL),(46,22,1,3,NULL,'+971554015102','subscribed','2021-01-12','2020-12-13 19:27:01','2020-12-13 19:27:01',NULL),(47,22,1,3,NULL,'+971554015102','subscribed','2021-01-12','2020-12-13 19:29:52','2020-12-13 19:29:52',NULL),(48,22,1,1,NULL,'+971554015102','invalid',NULL,'2020-12-13 19:29:57','2020-12-13 19:29:57',NULL),(49,22,1,1,NULL,'+971554015102','pending',NULL,'2020-12-13 19:30:42','2020-12-13 19:30:42',NULL),(50,22,1,1,NULL,'+971554015102','pending',NULL,'2020-12-13 19:32:19','2020-12-13 19:32:19',NULL),(51,22,1,1,NULL,'+971554015102','pending',NULL,'2020-12-13 19:32:29','2020-12-13 19:32:29',NULL),(52,22,1,1,NULL,'+971554015102','invalid',NULL,'2020-12-13 19:34:04','2020-12-13 19:34:04',NULL);
/*!40000 ALTER TABLE `subscriptions` ENABLE KEYS */;
UNLOCK TABLES;

--
-- Table structure for table `users`
--

DROP TABLE IF EXISTS `users`;
/*!40101 SET @saved_cs_client     = @@character_set_client */;
/*!50503 SET character_set_client = utf8mb4 */;
CREATE TABLE `users` (
  `id` bigint unsigned NOT NULL AUTO_INCREMENT,
  `name` varchar(255) COLLATE utf8mb4_unicode_ci NOT NULL,
  `email` varchar(255) COLLATE utf8mb4_unicode_ci NOT NULL,
  `email_verified_at` timestamp NULL DEFAULT NULL,
  `password` varchar(255) COLLATE utf8mb4_unicode_ci NOT NULL,
  `remember_token` varchar(100) COLLATE utf8mb4_unicode_ci DEFAULT NULL,
  `created_at` timestamp NULL DEFAULT NULL,
  `updated_at` timestamp NULL DEFAULT NULL,
  PRIMARY KEY (`id`),
  UNIQUE KEY `users_email_unique` (`email`)
) ENGINE=InnoDB AUTO_INCREMENT=23 DEFAULT CHARSET=utf8mb4 COLLATE=utf8mb4_unicode_ci;
/*!40101 SET character_set_client = @saved_cs_client */;

--
-- Dumping data for table `users`
--

LOCK TABLES `users` WRITE;
/*!40000 ALTER TABLE `users` DISABLE KEYS */;
INSERT INTO `users` VALUES (1,'Dr. Amos Koepp I','gkohler@example.net','2020-12-12 21:55:12','$2y$10$92IXUNpkjO0rOQ5byMi.Ye4oKoEa3Ro9llC/.og/at2.uheWG/igi','RqqQJhBMWf','2020-12-12 21:55:12','2020-12-12 21:55:12'),(2,'Gregoria West','alayna.harris@example.net','2020-12-12 21:55:12','$2y$10$92IXUNpkjO0rOQ5byMi.Ye4oKoEa3Ro9llC/.og/at2.uheWG/igi','8qCQc4fOtO','2020-12-12 21:55:13','2020-12-12 21:55:13'),(3,'Mrs. Tressa Carroll PhD','creola44@example.com','2020-12-12 21:55:12','$2y$10$92IXUNpkjO0rOQ5byMi.Ye4oKoEa3Ro9llC/.og/at2.uheWG/igi','DRnAXDD0fR','2020-12-12 21:55:13','2020-12-12 21:55:13'),(4,'Kadin Vandervort I','amacejkovic@example.net','2020-12-12 21:55:12','$2y$10$92IXUNpkjO0rOQ5byMi.Ye4oKoEa3Ro9llC/.og/at2.uheWG/igi','MbCBh3moJr','2020-12-12 21:55:13','2020-12-12 21:55:13'),(5,'Destini Maggio','esmeralda.grimes@example.net','2020-12-12 21:55:12','$2y$10$92IXUNpkjO0rOQ5byMi.Ye4oKoEa3Ro9llC/.og/at2.uheWG/igi','ffcUFmEgcK','2020-12-12 21:55:13','2020-12-12 21:55:13'),(6,'Heber Stark','emmerich.dortha@example.org','2020-12-12 21:55:12','$2y$10$92IXUNpkjO0rOQ5byMi.Ye4oKoEa3Ro9llC/.og/at2.uheWG/igi','hoBjUn1T9N','2020-12-12 21:55:13','2020-12-12 21:55:13'),(7,'Prof. Leo Schmeler Jr.','reid49@example.org','2020-12-12 21:55:12','$2y$10$92IXUNpkjO0rOQ5byMi.Ye4oKoEa3Ro9llC/.og/at2.uheWG/igi','XjcS0IPRuY','2020-12-12 21:55:13','2020-12-12 21:55:13'),(8,'Rosetta Willms','reyes.thompson@example.com','2020-12-12 21:55:12','$2y$10$92IXUNpkjO0rOQ5byMi.Ye4oKoEa3Ro9llC/.og/at2.uheWG/igi','UJvIo4Zaak','2020-12-12 21:55:13','2020-12-12 21:55:13'),(9,'Arianna Labadie','leannon.ari@example.org','2020-12-12 21:55:12','$2y$10$92IXUNpkjO0rOQ5byMi.Ye4oKoEa3Ro9llC/.og/at2.uheWG/igi','mBPVcjaDyI','2020-12-12 21:55:13','2020-12-12 21:55:13'),(10,'Cristopher Altenwerth','muller.kaela@example.org','2020-12-12 21:55:12','$2y$10$92IXUNpkjO0rOQ5byMi.Ye4oKoEa3Ro9llC/.og/at2.uheWG/igi','8dVBaRgDhH','2020-12-12 21:55:13','2020-12-12 21:55:13'),(11,'Gerson Dicki MD','bterry@example.net','2020-12-12 21:56:01','$2y$10$92IXUNpkjO0rOQ5byMi.Ye4oKoEa3Ro9llC/.og/at2.uheWG/igi','MfEKG7nswY','2020-12-12 21:56:01','2020-12-12 21:56:01'),(12,'Issac Daniel','mireya94@example.com','2020-12-12 21:56:01','$2y$10$92IXUNpkjO0rOQ5byMi.Ye4oKoEa3Ro9llC/.og/at2.uheWG/igi','TIpCdVIkxH','2020-12-12 21:56:01','2020-12-12 21:56:01'),(13,'Mr. Stuart O\'Hara DVM','ohammes@example.net','2020-12-12 21:56:01','$2y$10$92IXUNpkjO0rOQ5byMi.Ye4oKoEa3Ro9llC/.og/at2.uheWG/igi','9958fYVcpA','2020-12-12 21:56:01','2020-12-12 21:56:01'),(14,'Theresia O\'Kon','naomi26@example.com','2020-12-12 21:56:01','$2y$10$92IXUNpkjO0rOQ5byMi.Ye4oKoEa3Ro9llC/.og/at2.uheWG/igi','aBSpU5FziU','2020-12-12 21:56:01','2020-12-12 21:56:01'),(15,'Jordon Gibson DDS','nicholaus.breitenberg@example.org','2020-12-12 21:56:01','$2y$10$92IXUNpkjO0rOQ5byMi.Ye4oKoEa3Ro9llC/.og/at2.uheWG/igi','MfurVi2FBS','2020-12-12 21:56:01','2020-12-12 21:56:01'),(16,'Estrella Davis','muriel.blick@example.com','2020-12-12 21:56:01','$2y$10$92IXUNpkjO0rOQ5byMi.Ye4oKoEa3Ro9llC/.og/at2.uheWG/igi','1ciHaPuqgH','2020-12-12 21:56:01','2020-12-12 21:56:01'),(17,'Miss Virgie Botsford','cydney.swaniawski@example.org','2020-12-12 21:56:01','$2y$10$92IXUNpkjO0rOQ5byMi.Ye4oKoEa3Ro9llC/.og/at2.uheWG/igi','KmgzvhqCCA','2020-12-12 21:56:01','2020-12-12 21:56:01'),(18,'Ryan Oberbrunner Sr.','lohara@example.net','2020-12-12 21:56:01','$2y$10$92IXUNpkjO0rOQ5byMi.Ye4oKoEa3Ro9llC/.og/at2.uheWG/igi','ZTrj7phAWb','2020-12-12 21:56:01','2020-12-12 21:56:01'),(19,'Jonathon Rosenbaum DDS','aoreilly@example.com','2020-12-12 21:56:01','$2y$10$92IXUNpkjO0rOQ5byMi.Ye4oKoEa3Ro9llC/.og/at2.uheWG/igi','roJMSyBD9T','2020-12-12 21:56:01','2020-12-12 21:56:01'),(20,'Moses Heathcote','kaya.shields@example.net','2020-12-12 21:56:01','$2y$10$92IXUNpkjO0rOQ5byMi.Ye4oKoEa3Ro9llC/.og/at2.uheWG/igi','3scwZgBUcc','2020-12-12 21:56:01','2020-12-12 21:56:01'),(21,'Hassan Zreik','gkohler@example.net2','2020-12-13 07:36:14','$2y$10$fxtrDf2PG9op8lcWZruTEuhQwpaAX5oRPWGM9eb8K4amz/jmOpQ4K',NULL,'2020-12-13 07:36:14','2020-12-13 07:36:14'),(22,'Hassan Zreik','hassan.b.zreik@gmail.com','2020-12-13 09:57:45','$2y$10$tBcWwJ6.1P1p3vid7zKDF.jmtz5FHv53oMJyEbM6IkSNlSP8Mr4om',NULL,'2020-12-13 09:57:45','2020-12-13 09:57:45');
/*!40000 ALTER TABLE `users` ENABLE KEYS */;
UNLOCK TABLES;
/*!40103 SET TIME_ZONE=@OLD_TIME_ZONE */;

/*!40101 SET SQL_MODE=@OLD_SQL_MODE */;
/*!40014 SET FOREIGN_KEY_CHECKS=@OLD_FOREIGN_KEY_CHECKS */;
/*!40014 SET UNIQUE_CHECKS=@OLD_UNIQUE_CHECKS */;
/*!40101 SET CHARACTER_SET_CLIENT=@OLD_CHARACTER_SET_CLIENT */;
/*!40101 SET CHARACTER_SET_RESULTS=@OLD_CHARACTER_SET_RESULTS */;
/*!40101 SET COLLATION_CONNECTION=@OLD_COLLATION_CONNECTION */;
/*!40111 SET SQL_NOTES=@OLD_SQL_NOTES */;

-- Dump completed on 2020-12-13 23:49:14
